insert into public.marketplace (id, description) values ('scribd.com', 'Nulla ut erat id mauris vulputate elementum.');
insert into public.marketplace (id, description) values ('cbslocal.com', 'Maecenas rhoncus aliquam lacus.');
insert into public.marketplace (id, description) values ('ca.gov', 'Aenean fermentum.');
insert into public.marketplace (id, description) values ('blog.com', 'Fusce lacus purus, aliquet at, feugiat non, pretium quis, lectus.');
insert into public.marketplace (id, description) values ('furl.net', 'Suspendisse accumsan tortor quis turpis.');
insert into public.marketplace (id, description) values ('tripadvisor.com', 'Quisque erat eros, viverra eget, congue eget, semper rutrum, nulla.');
insert into public.marketplace (id, description) values ('bloglovin.com', 'Pellentesque at nulla.');
insert into public.marketplace (id, description) values ('sakura.ne.jp', 'Morbi vel lectus in quam fringilla rhoncus.');
insert into public.marketplace (id, description) values ('newsvine.com', 'Nullam molestie nibh in lectus.');
insert into public.marketplace (id, description) values ('seesaa.net', 'Integer ac leo.');
insert into public.marketplace (id, description) values ('cnn.com', 'Nam ultrices, libero non mattis pulvinar, nulla pede ullamcorper augue, a suscipit nulla elit ac nulla.');
insert into public.marketplace (id, description) values ('cpanel.net', 'Pellentesque at nulla.');
insert into public.marketplace (id, description) values ('washington.edu', 'Sed sagittis.');
insert into public.marketplace (id, description) values ('state.gov', 'Quisque erat eros, viverra eget, congue eget, semper rutrum, nulla.');
insert into public.marketplace (id, description) values ('geocities.com', 'Suspendisse potenti.');
insert into public.marketplace (id, description) values ('indiegogo.com', 'Nulla ac enim.');
insert into public.marketplace (id, description) values ('yolasite.com', 'Maecenas pulvinar lobortis est.');
insert into public.marketplace (id, description) values ('soup.io', 'Aliquam erat volutpat.');
insert into public.marketplace (id, description) values ('skyrock.com', 'Nulla facilisi.');
insert into public.marketplace (id, description) values ('fda.gov', 'Proin at turpis a pede posuere nonummy.');
insert into public.marketplace (id, description) values ('xrea.com', 'Etiam vel augue.');
insert into public.marketplace (id, description) values ('tinyurl.com', 'Mauris enim leo, rhoncus sed, vestibulum sit amet, cursus id, turpis.');
insert into public.marketplace (id, description) values ('unicef.org', 'Integer pede justo, lacinia eget, tincidunt eget, tempus vel, pede.');
insert into public.marketplace (id, description) values ('pagesperso-orange.fr', 'Quisque arcu libero, rutrum ac, lobortis vel, dapibus at, diam.');
insert into public.marketplace (id, description) values ('paginegialle.it', 'Aliquam augue quam, sollicitudin vitae, consectetuer eget, rutrum at, lorem.');
insert into public.marketplace (id, description) values ('chron.com', 'Curabitur in libero ut massa volutpat convallis.');
insert into public.marketplace (id, description) values ('yolasite2.com', 'Mauris ullamcorper purus sit amet nulla.');
insert into public.marketplace (id, description) values ('csmonitor.com', 'Cras non velit nec nisi vulputate nonummy.');
insert into public.marketplace (id, description) values ('china.com.cn', 'Nulla suscipit ligula in lacus.');
insert into public.marketplace (id, description) values ('1und1.de', 'Vivamus vel nulla eget eros elementum pellentesque.');
insert into public.marketplace (id, description) values ('nasa.gov', 'Nulla nisl.');
insert into public.marketplace (id, description) values ('godaddy.com', 'Phasellus sit amet erat.');
insert into public.marketplace (id, description) values ('oakley.com', 'Fusce congue, diam id ornare imperdiet, sapien urna pretium nisl, ut volutpat sapien arcu sed augue.');
insert into public.marketplace (id, description) values ('google.pl', 'Donec semper sapien a libero.');
insert into public.marketplace (id, description) values ('bbc.co.uk', 'Cras in purus eu magna vulputate luctus.');
insert into public.marketplace (id, description) values ('unc.edu', 'Cras in purus eu magna vulputate luctus.');
insert into public.marketplace (id, description) values ('gravatar.com', 'Integer non velit.');
insert into public.marketplace (id, description) values ('ebay.co.uk', 'Donec ut dolor.');
insert into public.marketplace (id, description) values ('foxnews.com', 'Suspendisse ornare consequat lectus.');
insert into public.marketplace (id, description) values ('abc.net.au', 'Etiam vel augue.');
insert into public.marketplace (id, description) values ('bloomberg.com', 'Lorem ipsum dolor sit amet, consectetuer adipiscing elit.');
insert into public.marketplace (id, description) values ('sakura2.ne.jp', 'Sed sagittis.');
insert into public.marketplace (id, description) values ('uiuc.edu', 'Maecenas leo odio, condimentum id, luctus nec, molestie sed, justo.');
insert into public.marketplace (id, description) values ('phpbb.com', 'Morbi non lectus.');
insert into public.marketplace (id, description) values ('github.io', 'In hac habitasse platea dictumst.');
insert into public.marketplace (id, description) values ('alibaba.com', 'Quisque erat eros, viverra eget, congue eget, semper rutrum, nulla.');
insert into public.marketplace (id, description) values ('yelp.com', 'Vestibulum rutrum rutrum neque.');
insert into public.marketplace (id, description) values ('adobe.com', 'Duis ac nibh.');
insert into public.marketplace (id, description) values ('virginia.edu', 'Vestibulum ante ipsum primis in faucibus orci luctus et ultrices posuere cubilia Curae; Mauris viverra diam vitae quam.');
insert into public.marketplace (id, description) values ('mapy.cz', 'Proin interdum mauris non ligula pellentesque ultrices.');
insert into public.marketplace (id, description) values ('loc.gov', 'Curabitur convallis.');
insert into public.marketplace (id, description) values ('fc2.com', 'Aenean sit amet justo.');
insert into public.marketplace (id, description) values ('seesaa2.net', 'Phasellus sit amet erat.');
insert into public.marketplace (id, description) values ('studiopress.com', 'Nam nulla.');
insert into public.marketplace (id, description) values ('foxnews2.com', 'Nullam molestie nibh in lectus.');
insert into public.marketplace (id, description) values ('webmd.com', 'Integer tincidunt ante vel ipsum.');
insert into public.marketplace (id, description) values ('upenn.edu', 'Aliquam non mauris.');
insert into public.marketplace (id, description) values ('bloglines.com', 'Maecenas tincidunt lacus at velit.');
insert into public.marketplace (id, description) values ('rediff.com', 'Duis ac nibh.');
insert into public.marketplace (id, description) values ('goo.gl', 'Integer ac neque.');
insert into public.marketplace (id, description) values ('weibo.com', 'Curabitur in libero ut massa volutpat convallis.');
insert into public.marketplace (id, description) values ('sogou.com', 'Sed ante.');
insert into public.marketplace (id, description) values ('people.com.cn', 'Cras in purus eu magna vulputate luctus.');
insert into public.marketplace (id, description) values ('state2.gov', 'Fusce posuere felis sed lacus.');
insert into public.marketplace (id, description) values ('abc2.net.au', 'Nulla nisl.');
insert into public.marketplace (id, description) values ('technorati3.com', 'Mauris sit amet eros.');
insert into public.marketplace (id, description) values ('ifeng3.com', 'Aliquam augue quam, sollicitudin vitae, consectetuer eget, rutrum at, lorem.');
insert into public.marketplace (id, description) values ('diigo2.com', 'Nam dui.');
insert into public.marketplace (id, description) values ('google1.com.hk', 'Fusce lacus purus, aliquet at, feugiat non, pretium quis, lectus.');
insert into public.marketplace (id, description) values ('google4.ru', 'Proin risus.');
insert into public.marketplace (id, description) values ('networksolutions2.com', 'In hac habitasse platea dictumst.');
insert into public.marketplace (id, description) values ('yolasite33.com', 'Quisque id justo sit amet sapien dignissim vestibulum.');
insert into public.marketplace (id, description) values ('vinaora2.com', 'Integer aliquet, massa id lobortis convallis, tortor risus dapibus augue, vel accumsan tellus nisi eu orci.');
insert into public.marketplace (id, description) values ('tinyurl5.com', 'In eleifend quam a odio.');
insert into public.marketplace (id, description) values ('spotify1.com', 'Phasellus sit amet erat.');
insert into public.marketplace (id, description) values ('a855.net', 'Nullam varius.');
insert into public.marketplace (id, description) values ('cornell33.edu', 'Curabitur convallis.');
insert into public.marketplace (id, description) values ('instagram1.com', 'Morbi vestibulum, velit id pretium iaculis, diam erat fermentum justo, nec condimentum neque sapien placerat ante.');
insert into public.marketplace (id, description) values ('sphinn4.com', 'Proin interdum mauris non ligula pellentesque ultrices.');
insert into public.marketplace (id, description) values ('mozilla6.com', 'Nulla justo.');
insert into public.marketplace (id, description) values ('auda5.org.au', 'Integer ac leo.');
insert into public.marketplace (id, description) values ('dell3.com', 'Maecenas ut massa quis augue luctus tincidunt.');
insert into public.marketplace (id, description) values ('parallels5.com', 'Cum sociis natoque penatibus et magnis dis parturient montes, nascetur ridiculus mus.');
insert into public.marketplace (id, description) values ('jimdof.com', 'Duis ac nibh.');
insert into public.marketplace (id, description) values ('wordpressd.com', 'Suspendisse potenti.');
insert into public.marketplace (id, description) values ('webnodes.com', 'Etiam pretium iaculis justo.');
insert into public.marketplace (id, description) values ('jugemf.jp', 'Nam tristique tortor eu pede.');
insert into public.marketplace (id, description) values ('squidooc.com', 'Suspendisse potenti.');
insert into public.marketplace (id, description) values ('hubpagescc.com', 'Pellentesque viverra pede ac diam.');
insert into public.marketplace (id, description) values ('cnbcc.com', 'Mauris lacinia sapien quis libero.');
insert into public.marketplace (id, description) values ('hudx.gov', 'Integer pede justo, lacinia eget, tincidunt eget, tempus vel, pede.');
insert into public.marketplace (id, description) values ('patchz.com', 'Curabitur at ipsum ac tellus semper interdum.');
insert into public.marketplace (id, description) values ('dyndnszzz.org', 'Vestibulum ante ipsum primis in faucibus orci luctus et ultrices posuere cubilia Curae; Mauris viverra diam vitae quam.');
insert into public.marketplace (id, description) values ('howstuffworksf.com', 'Mauris lacinia sapien quis libero.');
insert into public.marketplace (id, description) values ('webnode1.com', 'Integer a nibh.');
insert into public.marketplace (id, description) values ('lastr.fm', 'Morbi non lectus.');
insert into public.marketplace (id, description) values ('umich2.edu', 'Praesent blandit lacinia erat.');
insert into public.marketplace (id, description) values ('mashable3.com', 'Duis consequat dui nec nisi volutpat eleifend.');
insert into public.marketplace (id, description) values ('ycombinatorre.com', 'Pellentesque eget nunc.');
insert into public.marketplace (id, description) values ('bookinggg.com', 'Nam tristique tortor eu pede.');
-- -----------------------------------------------------------
insert into public.seller_infos (id, marketplace_id, name, url, country, external_id) values ('0fdf28a6-3368-4ba8-b9bc-fe1a583770b6', 'bookinggg.com', 'rpaulillo2f', 'https://is.gd/quam.json', 'Peru', 'klaverick2f');
insert into public.seller_infos (id, marketplace_id, name, url, country, external_id) values ('e1966fbf-fd29-45ee-a13d-4372f5291f6d', 'yolasite.com', 'kedmeades2s', 'https://accuweather.com/sit.html', 'Iraq', 'pgledhill2s');
insert into public.seller_infos (id, marketplace_id, name, url, country, external_id) values ('48b7df8c-77c0-4e00-9773-30d42653fcc2', 'oakley.com', 'jhowden18', 'https://elpais.com/sed/justo/pellentesque/viverra/pede.json', 'Indonesia', 'egraver18');
insert into public.seller_infos (id, marketplace_id, name, url, country, external_id) values ('bfae10ba-023c-4098-aa17-f0ba7682db25', 'instagram1.com', 'lmattingson1j', 'https://admin.ch/sit/amet.jpg', 'Serbia', 'jdavis1j');
insert into public.seller_infos (id, marketplace_id, name, url, country, external_id) values ('5f63e2b5-4949-4f76-8450-3c8114f5ccb5', 'people.com.cn', 'mcurry13', 'http://cbc.ca/ac/lobortis/vel.jpg', 'Philippines', 'gheigl13');
insert into public.seller_infos (id, marketplace_id, name, url, country, external_id) values ('27775be4-5496-42bb-8d74-561fc3add247', 'gravatar.com', 'gcarlyon1p', 'https://cargocollective.com/vehicula/condimentum/curabitur/in/libero/ut.png', 'Tanzania', 'cdenholm1p');
insert into public.seller_infos (id, marketplace_id, name, url, country, external_id) values ('ceedd346-d7c3-4c43-a0cf-36ab2ac24244', 'tinyurl5.com', 'jorto3d', 'http://addtoany.com/nunc/purus.json', 'Chile', 'trisbie3d');
insert into public.seller_infos (id, marketplace_id, name, url, country, external_id) values ('c8638862-6cef-45bd-afd2-c59784adb4ad', 'cpanel.net', 'dreims4z', 'http://vistaprint.com/posuere/cubilia/curae/mauris/viverra.jpg', 'Iran', 'bsomerville4z');
insert into public.seller_infos (id, marketplace_id, name, url, country, external_id) values ('63b10493-f00d-44a3-abf5-0fa2e78874d8', 'lastr.fm', 'gtinman48', 'http://jalbum.net/integer/ac.jsp', 'Indonesia', 'mmerrell48');
insert into public.seller_infos (id, marketplace_id, name, url, country, external_id) values ('7a65eee1-7555-4497-9fbc-9fd93b6f55db', 'alibaba.com', 'cmcgerr2m', 'https://cdc.gov/adipiscing/lorem/vitae/mattis.aspx', 'China', 'aquickfall2m');
insert into public.seller_infos (id, marketplace_id, name, url, country, external_id) values ('de4dbaa9-1bef-43ee-a8fe-0d15c1cf5be9', 'hubpagescc.com', 'cmelluish1n', 'https://columbia.edu/magnis/dis/parturient/montes/nascetur/ridiculus/mus.png', 'Indonesia', 'cskoof1n');
insert into public.seller_infos (id, marketplace_id, name, url, country, external_id) values ('8524bd72-04a0-468e-a39e-9609b65458c1', 'unc.edu', 'lhammerbergerg', 'https://constantcontact.com/quisque/porta/volutpat/erat/quisque.xml', 'Indonesia', 'hdewdneyg');
insert into public.seller_infos (id, marketplace_id, name, url, country, external_id) values ('38814b76-e229-414e-b3f6-66b6794acf1c', 'patchz.com', 'rfolan14', 'http://jugem.jp/ante/nulla/justo/aliquam.png', 'Portugal', 'osharvell14');
insert into public.seller_infos (id, marketplace_id, name, url, country, external_id) values ('648c6a9c-2166-4890-bb2c-df107f4e9310', 'geocities.com', 'apietrasik1w', 'https://ox.ac.uk/elementum/eu/interdum.json', 'Peru', 'lprew1w');
insert into public.seller_infos (id, marketplace_id, name, url, country, external_id) values ('3d5b9315-d450-4838-8b90-661dfb0868d1', 'patchz.com', 'jmauser3w', 'http://cafepress.com/ante/ipsum/primis/in/faucibus/orci/luctus.js', 'Russia', 'mstamps3w');
insert into public.seller_infos (id, marketplace_id, name, url, country, external_id) values ('e6dfae20-3ec9-4069-8fbf-afad3f43cb54', 'state2.gov', 'rantonognolip', 'https://de.vu/adipiscing/molestie/hendrerit.aspx', 'Indonesia', 'bpopelayp');
insert into public.seller_infos (id, marketplace_id, name, url, country, external_id) values ('5e1e06ff-b413-463f-b4b0-4b313df392b2', 'yelp.com', 'nmclagan3', 'http://nature.com/curabitur/convallis/duis/consequat/dui/nec.xml', 'South Sudan', 'wsedwick3');
insert into public.seller_infos (id, marketplace_id, name, url, country, external_id) values ('94d306d5-f255-40ab-8cb0-0f70d641c6ff', 'xrea.com', 'kprimak5', 'http://upenn.edu/metus/vitae/ipsum/aliquam.html', 'China', 'efishbourn5');
insert into public.seller_infos (id, marketplace_id, name, url, country, external_id) values ('319b4125-6b47-411d-a765-bdb1b4655b29', 'chron.com', 'khartness2b', 'http://baidu.com/elementum/eu/interdum/eu/tincidunt.js', 'Ivory Coast', 'bortes2b');
insert into public.seller_infos (id, marketplace_id, name, url, country, external_id) values ('0e09fb01-d2df-461e-bb63-7506ef726948', 'mashable3.com', 'hsimison45', 'http://hexun.com/in/blandit/ultrices/enim/lorem/ipsum/dolor.html', 'Armenia', 'dsubhan45');
insert into public.seller_infos (id, marketplace_id, name, url, country, external_id) values ('1fa8daba-bd1c-45a8-8f1c-31b4b9e0deb9', 'instagram1.com', 'yparman4b', 'https://shinystat.com/amet/sapien.png', 'Nigeria', 'smcarley4b');
insert into public.seller_infos (id, marketplace_id, name, url, country, external_id) values ('d34a9701-6002-4452-8f7c-6d2b0f36d4eb', 'newsvine.com', 'hheffron19', 'https://tamu.edu/dui.aspx', 'Croatia', 'krawdales19');
insert into public.seller_infos (id, marketplace_id, name, url, country, external_id) values ('a9cc800e-cd4e-40ee-b587-8c5c2835b09f', 'abc.net.au', 'denevoldsen5g', 'http://webeden.co.uk/velit/donec.png', 'Indonesia', 'wrenner5g');
insert into public.seller_infos (id, marketplace_id, name, url, country, external_id) values ('622bda8a-5348-4650-812c-a615a25a7055', 'cnn.com', 'frubel51', 'http://bloglovin.com/sed/augue/aliquam.png', 'Portugal', 'asnassell51');
insert into public.seller_infos (id, marketplace_id, name, url, country, external_id) values ('350f91c5-8789-42ee-9a3a-132c2026341b', 'cnbcc.com', 'hdempsey52', 'http://sina.com.cn/nibh/in/lectus/pellentesque/at/nulla/suspendisse.jsp', 'China', 'lcamden52');
insert into public.seller_infos (id, marketplace_id, name, url, country, external_id) values ('5716f64f-ed99-4a6b-905b-76361d516a9d', 'studiopress.com', 'dstockneyn', 'http://pcworld.com/vestibulum/aliquet.html', 'Israel', 'charbinsonn');
insert into public.seller_infos (id, marketplace_id, name, url, country, external_id) values ('ec175903-43b7-4007-981f-cff3ceca7940', 'virginia.edu', 'lwasmerc', 'https://arizona.edu/volutpat.jpg', 'Russia', 'mjewsonc');
insert into public.seller_infos (id, marketplace_id, name, url, country, external_id) values ('89a1f844-b129-40b9-abbe-77bf3a4e9cae', 'wordpressd.com', 'htroutbeck2y', 'https://hexun.com/dapibus/augue/vel.jsp', 'Indonesia', 'tmarchment2y');
insert into public.seller_infos (id, marketplace_id, name, url, country, external_id) values ('537a6f02-7636-427f-aa25-87746c298f2b', 'weibo.com', 'mmckee7', 'https://umn.edu/est/congue.js', 'Sweden', 'kbleakley7');
insert into public.seller_infos (id, marketplace_id, name, url, country, external_id) values ('994db43e-2682-4eca-b699-463ccc5d9811', 'yolasite.com', 'wchaytor0', 'http://ycombinator.com/integer/ac/neque/duis/bibendum/morbi/non.jsp', 'China', 'gbeddow0');
insert into public.seller_infos (id, marketplace_id, name, url, country, external_id) values ('5263d347-67bb-43f9-bd53-97cc1935ec38', 'skyrock.com', 'twhytock3n', 'https://elpais.com/tortor/id/nulla/ultrices.jsp', 'China', 'adeadman3n');
insert into public.seller_infos (id, marketplace_id, name, url, country, external_id) values ('51637a29-01c3-4ffa-8e37-b2affd103f03', 'csmonitor.com', 'jstanwix4y', 'https://state.gov/diam/id/ornare/imperdiet/sapien/urna/pretium.jpg', 'Brazil', 'tfanstone4y');
insert into public.seller_infos (id, marketplace_id, name, url, country, external_id) values ('3558c543-3b44-4de0-b527-771ba934822a', 'abc2.net.au', 'ehanselmann2p', 'https://biblegateway.com/sapien/varius/ut.jsp', 'Taiwan', 'korta2p');
insert into public.seller_infos (id, marketplace_id, name, url, country, external_id) values ('d9a99af9-1761-4de8-9ce9-29c725e9c894', 'bloglovin.com', 'awindous2h', 'https://cam.ac.uk/at/velit/eu/est/congue/elementum/in.aspx', 'Jordan', 'fhousden2h');
insert into public.seller_infos (id, marketplace_id, name, url, country, external_id) values ('cf5c9530-8ed7-4ba7-a9af-7250b6dc0406', 'mashable3.com', 'kdory1d', 'http://behance.net/volutpat/erat/quisque/erat.aspx', 'China', 'mruddoch1d');
insert into public.seller_infos (id, marketplace_id, name, url, country, external_id) values ('d25bc36d-bf86-4bbf-9beb-fe11b5d3ebb0', 'goo.gl', 'mscandrick1t', 'https://godaddy.com/sapien/placerat/ante/nulla/justo/aliquam.jsp', 'Peru', 'msetter1t');
insert into public.seller_infos (id, marketplace_id, name, url, country, external_id) values ('41bbf981-8855-48ef-a023-801cce2c48c5', 'hudx.gov', 'tkenyon4e', 'https://acquirethisname.com/dis/parturient/montes/nascetur/ridiculus/mus/vivamus.js', 'Brazil', 'tgemeau4e');
insert into public.seller_infos (id, marketplace_id, name, url, country, external_id) values ('69ecaebe-5a55-48a7-859b-9eab97e6e3c2', 'technorati3.com', 'abiagionim', 'https://behance.net/vel.js', 'Japan', 'galbanym');
insert into public.seller_infos (id, marketplace_id, name, url, country, external_id) values ('028e11af-c84c-4c2f-bb0d-37a8730fa14a', 'scribd.com', 'amcilhargay', 'http://ftc.gov/lacus.js', 'China', 'apately');
insert into public.seller_infos (id, marketplace_id, name, url, country, external_id) values ('64e79e0c-0cbd-4dbb-8a5a-25f4a3f3d50e', 'howstuffworksf.com', 'cslaight4g', 'https://alexa.com/rutrum/rutrum/neque/aenean/auctor.jsp', 'Brazil', 'tgrayling4g');
insert into public.seller_infos (id, marketplace_id, name, url, country, external_id) values ('33eccc1b-fef6-47c6-a057-19b557d0c892', 'jimdof.com', 'bwaterstone1i', 'http://google.es/eu/est/congue/elementum.png', 'Philippines', 'klongfoot1i');
insert into public.seller_infos (id, marketplace_id, name, url, country, external_id) values ('5b4cb748-fc12-465e-ad3f-ea8dc75ec687', 'bloomberg.com', 'psefton2g', 'http://mit.edu/purus/phasellus/in/felis/donec/semper/sapien.jsp', 'Sweden', 'fsaylor2g');
insert into public.seller_infos (id, marketplace_id, name, url, country, external_id) values ('df132599-2f47-431d-ac6e-3a3d16d38d65', 'foxnews2.com', 'skemery4r', 'http://youtube.com/lacus/morbi/quis/tortor/id.aspx', 'Tunisia', 'jsowte4r');
insert into public.seller_infos (id, marketplace_id, name, url, country, external_id) values ('1c28d573-8334-4967-9d4d-9942e6a5ad86', 'google1.com.hk', 'bpridie1s', 'http://dion.ne.jp/eget/tincidunt.html', 'Greece', 'rpridham1s');
insert into public.seller_infos (id, marketplace_id, name, url, country, external_id) values ('1deab9cb-6272-4c97-bb98-e6e6ff67518a', 'unicef.org', 'kgillionf', 'http://cdbaby.com/ultrices.js', 'China', 'ohutablef');
insert into public.seller_infos (id, marketplace_id, name, url, country, external_id) values ('7b27e681-c36f-49e8-9be2-ed1e0872f820', 'google.pl', 'tnewman1q', 'https://dedecms.com/nisl.js', 'China', 'mmauger1q');
insert into public.seller_infos (id, marketplace_id, name, url, country, external_id) values ('acdf1c8c-338e-4f05-b6a7-9e390ae547f9', 'geocities.com', 'rsimenot4o', 'https://guardian.co.uk/ante/vivamus/tortor/duis/mattis.jsp', 'Philippines', 'codare4o');
insert into public.seller_infos (id, marketplace_id, name, url, country, external_id) values ('c60ccd8a-484f-405f-90f0-82de25de382a', 'tripadvisor.com', 'tgregory3b', 'http://bravesites.com/nisi/eu/orci/mauris/lacinia.xml', 'China', 'rdoornbos3b');
insert into public.seller_infos (id, marketplace_id, name, url, country, external_id) values ('641eea6d-dd48-4b2f-9d9c-79c9085b57e7', 'cpanel.net', 'rkarp27', 'http://purevolume.com/rhoncus/dui/vel/sem.jsp', 'Morocco', 'bcastellaccio27');
insert into public.seller_infos (id, marketplace_id, name, url, country, external_id) values ('a3a781b5-aeed-467e-9579-c440fb59088c', 'bookinggg.com', 'gsudron57', 'https://friendfeed.com/curae/donec/pharetra/magna.png', 'Belarus', 'efrentz57');
insert into public.seller_infos (id, marketplace_id, name, url, country, external_id) values ('4830662a-fb1a-497a-a1e1-9a452226036d', 'sogou.com', 'mgarrad3m', 'https://walmart.com/turpis/enim/blandit/mi/in.jpg', 'Haiti', 'dharriagn3m');
insert into public.seller_infos (id, marketplace_id, name, url, country, external_id) values ('9dcd74e9-3ecf-46de-a8dc-3f1cdb9cd98d', 'ca.gov', 'dstiegers56', 'https://nasa.gov/porta/volutpat/erat/quisque/erat.jsp', 'Namibia', 'dvalerius56');
insert into public.seller_infos (id, marketplace_id, name, url, country, external_id) values ('2f7ad90a-5a67-4c5b-962e-488adf753bc3', 'fda.gov', 'tollive4s', 'https://tumblr.com/vitae.png', 'China', 'fmulrean4s');
insert into public.seller_infos (id, marketplace_id, name, url, country, external_id) values ('b41fe4f4-9692-407e-aa5d-1fb2a4ee693a', 'xrea.com', 'dwallman2x', 'http://fda.gov/in/hac.jpg', 'Greece', 'sstillmann2x');
insert into public.seller_infos (id, marketplace_id, name, url, country, external_id) values ('b9c4aea6-4e53-4dee-900e-a63475c76824', 'scribd.com', 'nskamell3q', 'https://comsenz.com/in/libero/ut/massa/volutpat/convallis.aspx', 'Brazil', 'cboullen3q');
insert into public.seller_infos (id, marketplace_id, name, url, country, external_id) values ('ea3a9cb3-9931-4519-bccd-091b3c9eb32c', 'adobe.com', 'wryland2n', 'http://seattletimes.com/vestibulum.jsp', 'Uganda', 'sskerratt2n');
insert into public.seller_infos (id, marketplace_id, name, url, country, external_id) values ('cda815e4-161e-42f7-ae66-04196a0c4742', 'abc.net.au', 'pmeecher2o', 'https://odnoklassniki.ru/adipiscing/molestie/hendrerit/at/vulputate/vitae.jsp', 'Colombia', 'kborder2o');
insert into public.seller_infos (id, marketplace_id, name, url, country, external_id) values ('22ce1ecd-d61e-44d5-a5db-39676e0758aa', 'seesaa.net', 'smatissoffw', 'https://wisc.edu/diam/cras/pellentesque.jpg', 'China', 'aromerow');
insert into public.seller_infos (id, marketplace_id, name, url, country, external_id) values ('e825cbbc-cc83-4120-bcf7-5c5f6beaea40', 'networksolutions2.com', 'ccostigan1a', 'http://com.com/hac/habitasse.png', 'China', 'fraspin1a');
insert into public.seller_infos (id, marketplace_id, name, url, country, external_id) values ('e37f7db8-194d-48a0-abca-3ea34aa77ddf', 'abc2.net.au', 'babells5h', 'https://meetup.com/cubilia/curae.xml', 'Cuba', 'ncurrao5h');
insert into public.seller_infos (id, marketplace_id, name, url, country, external_id) values ('3ac71ee0-db40-44dd-851e-ca3a98f554c2', 'parallels5.com', 'dfibbens15', 'https://hugedomains.com/nam/tristique/tortor/eu.js', 'Indonesia', 'csomersett15');
insert into public.seller_infos (id, marketplace_id, name, url, country, external_id) values ('ff41deda-2b65-4b1c-a02f-9369f089ff53', 'webnode1.com', 'bmcgucken9', 'http://fotki.com/nulla.json', 'Indonesia', 'mwalley9');
insert into public.seller_infos (id, marketplace_id, name, url, country, external_id) values ('f55c9201-2573-462b-a7e7-cf48e75d435f', 'webmd.com', 'lphalip32', 'http://ox.ac.uk/orci/luctus/et/ultrices/posuere/cubilia/curae.json', 'Brazil', 'bposkitt32');
insert into public.seller_infos (id, marketplace_id, name, url, country, external_id) values ('7ca81887-5d6a-4f17-9717-c77e17130236', 'squidooc.com', 'mdeane3i', 'http://multiply.com/sit.png', 'China', 'tlovitt3i');
insert into public.seller_infos (id, marketplace_id, name, url, country, external_id) values ('f7f2ebbe-c1c9-46cf-bb9c-1809c5d5978e', 'spotify1.com', 'bgonzalo3j', 'http://lulu.com/cubilia.json', 'Indonesia', 'epapachristophorou3j');
insert into public.seller_infos (id, marketplace_id, name, url, country, external_id) values ('a66ee03d-c816-49f0-a232-1770ba222503', 'blog.com', 'priddiford2j', 'https://nasa.gov/pretium/quis.json', 'Honduras', 'jhilldrop2j');
insert into public.seller_infos (id, marketplace_id, name, url, country, external_id) values ('fd432628-30ca-49a8-9fec-398e7a98be41', 'sakura2.ne.jp', 'wlinnell10', 'https://goo.ne.jp/accumsan/tortor/quis/turpis/sed/ante/vivamus.png', 'Armenia', 'etreneer10');
insert into public.seller_infos (id, marketplace_id, name, url, country, external_id) values ('e8351976-555b-48bf-8c26-f25da9fd0bd8', 'rediff.com', 'lbezant3t', 'http://homestead.com/purus/aliquet/at/feugiat/non/pretium/quis.png', 'Poland', 'rstockbridge3t');
insert into public.seller_infos (id, marketplace_id, name, url, country, external_id) values ('9ce8707e-d5f8-4bd1-b2c6-6fa24454f6d5', 'tinyurl.com', 'ebrooksbie3c', 'https://google.co.jp/sit/amet/eleifend/pede/libero.jpg', 'Indonesia', 'shayland3c');
insert into public.seller_infos (id, marketplace_id, name, url, country, external_id) values ('d72b3eca-e82f-4072-bd6f-90455d940daa', 'cornell33.edu', 'bcargen28', 'https://vimeo.com/morbi/vestibulum/velit.html', 'Burkina Faso', 'lcarlisle28');
insert into public.seller_infos (id, marketplace_id, name, url, country, external_id) values ('2a0d2578-fda9-4fe2-8a51-436681853e60', 'sogou.com', 'ewaistellu', 'http://bloomberg.com/ac/lobortis.xml', 'China', 'gfoulghamu');
insert into public.seller_infos (id, marketplace_id, name, url, country, external_id) values ('9ad97538-6dba-4dc7-8c17-7f157303d82c', 'wordpressd.com', 'jtreswell6', 'http://reference.com/faucibus/orci/luctus.jpg', 'Cameroon', 'kschnieder6');
insert into public.seller_infos (id, marketplace_id, name, url, country, external_id) values ('7bfbed09-1c8a-44e8-a8d6-6d4c4d3e2dce', 'vinaora2.com', 'gdaryd', 'http://hud.gov/suscipit/ligula.aspx', 'Russia', 'kmelatod');
insert into public.seller_infos (id, marketplace_id, name, url, country, external_id) values ('c4d5148a-dd7f-4729-a7f6-0acaf92a79bd', 'yolasite33.com', 'memsden2t', 'http://joomla.org/in/felis.png', 'Philippines', 'jemanuele2t');
insert into public.seller_infos (id, marketplace_id, name, url, country, external_id) values ('649e0e32-99ae-498c-8143-e36fd208b106', 'jugemf.jp', 'gbrusin1h', 'https://hexun.com/ornare/consequat/lectus/in/est/risus/auctor.json', 'Kenya', 'cmenlow1h');
insert into public.seller_infos (id, marketplace_id, name, url, country, external_id) values ('9139ce5b-c124-41f2-aec7-13e713eaf1cc', 'mapy.cz', 'rferrers46', 'https://baidu.com/maecenas/tristique/est.jpg', 'Philippines', 'tmccurley46');
insert into public.seller_infos (id, marketplace_id, name, url, country, external_id) values ('e7c79fe4-e544-4869-871b-ebebeacddb47', 'paginegialle.it', 'smonckman3y', 'https://uiuc.edu/non/pretium/quis/lectus/suspendisse/potenti.html', 'Portugal', 'scrosetto3y');
insert into public.seller_infos (id, marketplace_id, name, url, country, external_id) values ('858c581f-6c53-44e2-9bc5-fa8c502b35b7', 'state.gov', 'kgages3g', 'https://auda.org.au/vulputate/vitae/nisl/aenean/lectus/pellentesque.jsp', 'Portugal', 'acristofano3g');
insert into public.seller_infos (id, marketplace_id, name, url, country, external_id) values ('de3945df-85df-4329-a6e5-9f963a4922f5', 'fc2.com', 'astandbrook4t', 'http://alibaba.com/cum/sociis/natoque/penatibus/et/magnis.js', 'Morocco', 'oedridge4t');
insert into public.seller_infos (id, marketplace_id, name, url, country, external_id) values ('b636d5a6-0ed9-4bac-bb36-a4491c682e1c', 'foxnews.com', 'epickover1y', 'https://hugedomains.com/accumsan.jpg', 'Uganda', 'bkrook1y');
insert into public.seller_infos (id, marketplace_id, name, url, country, external_id) values ('bd98b5ba-3a74-44c0-961e-7b02f1a879bb', 'umich2.edu', 'rshailer39', 'https://twitter.com/convallis/tortor/risus/dapibus/augue/vel.aspx', 'South Africa', 'iscoggins39');
insert into public.seller_infos (id, marketplace_id, name, url, country, external_id) values ('b651c2a9-95d3-4973-bb06-1724e7ff3711', 'auda5.org.au', 'rlambersen5d', 'https://cmu.edu/nunc/vestibulum/ante.jsp', 'China', 'atomisch5d');
insert into public.seller_infos (id, marketplace_id, name, url, country, external_id) values ('41e95894-7b80-4f1b-b286-f4bb59c369e7', 'google4.ru', 'sbeacon1r', 'https://nps.gov/imperdiet/nullam/orci.aspx', 'Poland', 'aughelli1r');
insert into public.seller_infos (id, marketplace_id, name, url, country, external_id) values ('9564f7f1-c217-4b03-b251-25b1ee3571be', 'foxnews.com', 'fschriren4q', 'http://slate.com/in/felis/eu/sapien/cursus.aspx', 'Philippines', 'dwarwicker4q');
insert into public.seller_infos (id, marketplace_id, name, url, country, external_id) values ('c48f6320-27fe-43cf-bd7e-2930d3487970', 'ifeng3.com', 'crosenwasser4d', 'https://addtoany.com/sapien/sapien/non/mi/integer.aspx', 'Norway', 'mdillicate4d');
insert into public.seller_infos (id, marketplace_id, name, url, country, external_id) values ('bff046fd-8178-44ac-95af-98371218df64', 'csmonitor.com', 'wmarskell26', 'https://360.cn/convallis/nulla/neque/libero/convallis.jpg', 'France', 'vmusselwhite26');
insert into public.seller_infos (id, marketplace_id, name, url, country, external_id) values ('8eda7ad9-9f27-46b0-ad91-2e4e0ef7528e', 'ifeng3.com', 'bsipson1l', 'https://amazonaws.com/sapien/sapien/non.html', 'Greece', 'pmallebone1l');
insert into public.seller_infos (id, marketplace_id, name, url, country, external_id) values ('9bfabb97-1bef-4b0d-acd8-7a1683d8826a', 'gravatar.com', 'ebuttle4h', 'https://liveinternet.ru/nam/tristique/tortor/eu/pede.jsp', 'Serbia', 'medgeson4h');
insert into public.seller_infos (id, marketplace_id, name, url, country, external_id) values ('5cb719f5-c7c1-44a2-8ec9-5c6c48cd057c', 'bloglovin.com', 'gbirbeck59', 'https://columbia.edu/maecenas/tincidunt/lacus/at/velit/vivamus/vel.html', 'Peru', 'rbalm59');
insert into public.seller_infos (id, marketplace_id, name, url, country, external_id) values ('33d4d54f-3354-4c9d-b86a-49123d8dc90a', 'uiuc.edu', 'mcrooke3a', 'https://blogtalkradio.com/ipsum/primis/in/faucibus/orci/luctus/et.html', 'Iran', 'lwitherby3a');
insert into public.seller_infos (id, marketplace_id, name, url, country, external_id) values ('36d87ced-c888-49ba-9690-0e6856977a2c', 'indiegogo.com', 'dsatcher4c', 'http://skyrock.com/eget/eleifend/luctus.png', 'Russia', 'tquittonden4c');
insert into public.seller_infos (id, marketplace_id, name, url, country, external_id) values ('9713bc9b-a86f-4d54-92ed-c5f3bf1b80d5', 'google1.com.hk', 'rheilds4k', 'http://myspace.com/ullamcorper/augue/a/suscipit/nulla/elit/ac.json', 'Ukraine', 'yscathard4k');
insert into public.seller_infos (id, marketplace_id, name, url, country, external_id) values ('2b97b66e-2912-426c-8141-ff78346b333b', 'china.com.cn', 'glockett54', 'https://symantec.com/sociis/natoque/penatibus/et/magnis/dis.js', 'Czech Republic', 'sitzakovitz54');
insert into public.seller_infos (id, marketplace_id, name, url, country, external_id) values ('15799759-be97-4b0c-9b2b-6ff55908fe9e', 'oakley.com', 'hwedderburn40', 'http://sbwire.com/vestibulum/velit/id/pretium/iaculis.json', 'Philippines', 'glemasney40');
insert into public.seller_infos (id, marketplace_id, name, url, country, external_id) values ('9e69a95c-958e-480c-98f0-79786a51e637', 'hudx.gov', 'nmccarver1m', 'https://japanpost.jp/venenatis/turpis/enim/blandit.jpg', 'Netherlands', 'cruckhard1m');
insert into public.seller_infos (id, marketplace_id, name, url, country, external_id) values ('d5cde7ca-252b-416e-bba4-66891d7a170c', 'webmd.com', 'akarolczyka', 'https://g.co/sed/magna/at/nunc/commodo.aspx', 'France', 'hendsa');
insert into public.seller_infos (id, marketplace_id, name, url, country, external_id) values ('f86bbbd0-ea2a-4bbb-a3bf-2c2a1feef9e2', 'virginia.edu', 'obawle34', 'https://cargocollective.com/nullam/molestie.png', 'Portugal', 'dbrandhardy34');
insert into public.seller_infos (id, marketplace_id, name, url, country, external_id) values ('86b18420-dbd1-4959-aa1f-54c10f771f86', 'seesaa.net', 'psimoncello3o', 'https://phoca.cz/diam/in/magna/bibendum.png', 'Guatemala', 'bjenckes3o');
insert into public.seller_infos (id, marketplace_id, name, url, country, external_id) values ('f897c5dd-68a9-41f2-b05a-27d7cb7cd0da', 'china.com.cn', 'slicciardello2c', 'https://nhs.uk/felis/sed/interdum/venenatis/turpis/enim.aspx', 'Czech Republic', 'kholah2c');
insert into public.seller_infos (id, marketplace_id, name, url, country, external_id) values ('bb2a123b-c572-4d0e-8b0b-2b6fbe13dfbd', 'a855.net', 'wtringham5i', 'https://sakura.ne.jp/orci.json', 'China', 'ocourse5i');
insert into public.seller_infos (id, marketplace_id, name, url, country, external_id) values ('dfb2981e-6179-44cd-9985-ca299b697f3e', 'soup.io', 'dcutchie3l', 'https://blinklist.com/tellus/semper.aspx', 'Russia', 'mbonafacino3l');
insert into public.seller_infos (id, marketplace_id, name, url, country, external_id) values ('5d3b23dd-af58-43a6-b2ee-9931305ca338', 'cbslocal.com', 'gweeke55', 'http://wikimedia.org/augue/luctus.js', 'Estonia', 'wsmerdon55');
insert into public.seller_infos (id, marketplace_id, name, url, country, external_id) values ('6c9488f5-4df5-4b51-b8b0-e3dcab04c482', 'networksolutions2.com', 'atourmell42', 'https://facebook.com/eros/vestibulum/ac.xml', 'China', 'amence42');
insert into public.seller_infos (id, marketplace_id, name, url, country, external_id) values ('e8a00e44-dcba-4f69-a5fe-92c633e7ae21', 'blog.com', 'lhallihan5b', 'http://fc2.com/pede/venenatis/non/sodales/sed/tincidunt.json', 'Thailand', 'bgrew5b');
insert into public.seller_infos (id, marketplace_id, name, url, country, external_id) values ('8424ac39-9603-4058-ad4b-2e2b0cf9b103', 'fc2.com', 'cfranzschoninger21', 'http://indiatimes.com/quisque/ut/erat/curabitur/gravida/nisi/at.jsp', 'Philippines', 'ekennler21');
insert into public.seller_infos (id, marketplace_id, name, url, country, external_id) values ('ecd37e48-eb5e-41b9-807d-c6778477a445', 'vinaora2.com', 'ieckery35', 'http://marriott.com/tincidunt/lacus.json', 'Czech Republic', 'cchupin35');
insert into public.seller_infos (id, marketplace_id, name, url, country, external_id) values ('5fe9bc14-d305-47bc-9caf-306ae701050d', 'cnbcc.com', 'dhucker2a', 'http://cpanel.net/iaculis/congue.png', 'Brazil', 'kpoxton2a');
insert into public.seller_infos (id, marketplace_id, name, url, country, external_id) values ('cd447fbe-08be-4b67-902f-2fedea664079', 'ca.gov', 'rcrier2e', 'http://sun.com/elit/proin/interdum/mauris/non/ligula/pellentesque.html', 'China', 'wpopelay2e');
insert into public.seller_infos (id, marketplace_id, name, url, country, external_id) values ('a6dc3116-a9e2-40bc-af5c-fa0478e28ec9', 'state.gov', 'hsteerso', 'https://census.gov/libero/ut/massa/volutpat/convallis/morbi.js', 'China', 'sclasho');
insert into public.seller_infos (id, marketplace_id, name, url, country, external_id) values ('e6d1ee45-2141-4022-abc4-afd6a3287dd1', 'nasa.gov', 'jgrahlmans43', 'http://addthis.com/ac/diam/cras/pellentesque.xml', 'Ukraine', 'hcowitz43');
insert into public.seller_infos (id, marketplace_id, name, url, country, external_id) values ('63f2e083-9984-46ed-8b7d-54f63d768b0d', 'dyndnszzz.org', 'dgard4v', 'http://addthis.com/lobortis.html', 'Macedonia', 'jmccaig4v');
insert into public.seller_infos (id, marketplace_id, name, url, country, external_id) values ('cd085242-92ef-4061-a598-bc49e7f98960', 'mozilla6.com', 'pmeach44', 'http://blog.com/bibendum/morbi/non/quam/nec.jsp', 'China', 'rbuckoke44');
insert into public.seller_infos (id, marketplace_id, name, url, country, external_id) values ('7287f26f-506d-409a-acc0-e41864f4bc9c', 'diigo2.com', 'zaspall24', 'https://shareasale.com/tristique/tortor/eu/pede.xml', 'Greece', 'ldinapoli24');
insert into public.seller_infos (id, marketplace_id, name, url, country, external_id) values ('cfd4edb2-7fc3-4634-a514-d04411a38bdf', 'umich2.edu', 'mscrutonh', 'https://dailymotion.com/cras/pellentesque/volutpat/dui/maecenas/tristique/est.png', 'China', 'wolenchikovh');
insert into public.seller_infos (id, marketplace_id, name, url, country, external_id) values ('8e6c8919-475c-4e58-b66b-941e689c3fcc', 'upenn.edu', 'jseiler36', 'https://house.gov/eu.aspx', 'Luxembourg', 'torknay36');
insert into public.seller_infos (id, marketplace_id, name, url, country, external_id) values ('38091567-fd77-4246-a839-3061e5ebece1', 'yelp.com', 'ckrinks2v', 'https://xinhuanet.com/nunc/viverra/dapibus/nulla.jsp', 'China', 'acambridge2v');
insert into public.seller_infos (id, marketplace_id, name, url, country, external_id) values ('a9e5c985-c188-47d2-983e-38c35cc81389', 'adobe.com', 'sbatteson5f', 'http://slashdot.org/mattis/pulvinar/nulla/pede/ullamcorper.html', 'France', 'dmaasz5f');
insert into public.seller_infos (id, marketplace_id, name, url, country, external_id) values ('84a96cf8-b487-469c-9e7d-af7b77860827', 'howstuffworksf.com', 'eupton1o', 'https://sogou.com/quis/justo/maecenas.json', 'Thailand', 'wfayers1o');
insert into public.seller_infos (id, marketplace_id, name, url, country, external_id) values ('ea1685dc-d596-4226-a2b5-4654ce868f10', 'washington.edu', 'phendron33', 'https://apple.com/proin/risus.png', 'Russia', 'mparradine33');
insert into public.seller_infos (id, marketplace_id, name, url, country, external_id) values ('6437b9b3-e838-4ff9-bcd8-3be1cf5f49fe', 'parallels5.com', 'zstewart3x', 'http://skyrock.com/nulla/integer/pede/justo/lacinia.js', 'Portugal', 'astodit3x');
insert into public.seller_infos (id, marketplace_id, name, url, country, external_id) values ('d1e9ba58-750f-49ec-a2a8-7fd6a1b65a8e', 'webnode1.com', 'lfrend31', 'http://theatlantic.com/vestibulum/ante/ipsum.html', 'Indonesia', 'wpalffy31');
insert into public.seller_infos (id, marketplace_id, name, url, country, external_id) values ('3b1a72f8-ed2e-485f-9543-ccf3009f6255', 'auda5.org.au', 'bskoggings2l', 'https://blogger.com/in/quis/justo/maecenas/rhoncus/aliquam/lacus.js', 'Canada', 'hmonks2l');
insert into public.seller_infos (id, marketplace_id, name, url, country, external_id) values ('1e3a5180-64a0-41f3-93ce-087be009df1f', 'seesaa2.net', 'dstanford3p', 'https://apple.com/aliquam/non/mauris.aspx', 'United States', 'mparnby3p');
insert into public.seller_infos (id, marketplace_id, name, url, country, external_id) values ('8a273809-3aa8-4316-aa68-b56fd255ca60', 'github.io', 'clorenzo4n', 'http://plala.or.jp/non/pretium/quis.png', 'China', 'fferie4n');
insert into public.seller_infos (id, marketplace_id, name, url, country, external_id) values ('e106d528-a6bb-494d-99fc-38000e81a6e6', 'unicef.org', 'dpleming37', 'http://godaddy.com/vulputate/justo/in/blandit.aspx', 'Poland', 'abraham37');
insert into public.seller_infos (id, marketplace_id, name, url, country, external_id) values ('7256b9da-840e-4f05-878f-af8dadb8a632', 'godaddy.com', 'mswindley4m', 'http://nps.gov/ac/neque/duis.png', 'China', 'dkingsbury4m');
insert into public.seller_infos (id, marketplace_id, name, url, country, external_id) values ('0b184d5f-736a-4acd-8ba4-5dbe12e33d22', 'indiegogo.com', 'kdonati1k', 'http://about.com/interdum/venenatis/turpis/enim/blandit.jsp', 'Russia', 'amertin1k');
insert into public.seller_infos (id, marketplace_id, name, url, country, external_id) values ('607055b1-c10b-4976-a4bd-8e741b7908b0', 'ebay.co.uk', 'aalstead4u', 'http://deliciousdays.com/eu/felis/fusce/posuere/felis.json', 'China', 'ealdren4u');
insert into public.seller_infos (id, marketplace_id, name, url, country, external_id) values ('086bd35c-cdc0-4030-8904-3daaf38aecb4', 'washington.edu', 'mmaggillandreisb', 'http://fastcompany.com/nec/nisi/vulputate/nonummy/maecenas/tincidunt.html', 'Philippines', 'clorinczb');
insert into public.seller_infos (id, marketplace_id, name, url, country, external_id) values ('78a0aa79-ed70-43b9-b162-8a90e15e5cef', 'people.com.cn', 'emacgiolla3v', 'http://guardian.co.uk/convallis/tortor/risus/dapibus.aspx', 'Japan', 'bbrooking3v');
insert into public.seller_infos (id, marketplace_id, name, url, country, external_id) values ('5ae0329f-1ffa-4c2a-8749-773a04b6b80b', 'tinyurl5.com', 'cmclardiel', 'https://linkedin.com/praesent/blandit.json', 'Portugal', 'adurnalll');
insert into public.seller_infos (id, marketplace_id, name, url, country, external_id) values ('c85fbfc6-0cf2-42c8-a7bb-00e8eb8532e7', 'furl.net', 'nhammon1x', 'https://about.com/vitae/consectetuer/eget/rutrum/at/lorem.json', 'Guinea', 'lambrosetti1x');
insert into public.seller_infos (id, marketplace_id, name, url, country, external_id) values ('cf6a0ecb-2651-42ff-a729-2b4227c02fc0', 'squidooc.com', 'esylvaineq', 'http://reddit.com/praesent/blandit/lacinia.html', 'Canada', 'pbraybrookesq');
insert into public.seller_infos (id, marketplace_id, name, url, country, external_id) values ('3fc3f020-1bff-4f5c-a63b-6331dbbb5897', 'uiuc.edu', 'cgwynni', 'http://about.me/turpis/donec/posuere/metus/vitae.js', 'Russia', 'arantoulli');
insert into public.seller_infos (id, marketplace_id, name, url, country, external_id) values ('84ac3e87-3c1f-4ca1-b97d-54a21135b6ff', 'google4.ru', 'mdibiaggi4j', 'https://usa.gov/dis/parturient/montes/nascetur/ridiculus/mus.json', 'Brazil', 'nlearned4j');
insert into public.seller_infos (id, marketplace_id, name, url, country, external_id) values ('9e4dd621-4d34-4db0-b03f-71525c544b5c', 'chron.com', 'oraccio53', 'http://tamu.edu/enim/lorem.jpg', 'China', 'leasthope53');
insert into public.seller_infos (id, marketplace_id, name, url, country, external_id) values ('268dc9d8-2ce9-46fb-9ad5-33dcf050118d', 'bloomberg.com', 'odyster58', 'https://xrea.com/elit.json', 'Canada', 'bisaacson58');
insert into public.seller_infos (id, marketplace_id, name, url, country, external_id) values ('4504aa8c-b96b-4b97-b51e-cace53255857', 'paginegialle.it', 'mtitt16', 'http://desdev.cn/pulvinar/sed/nisl/nunc/rhoncus/dui/vel.png', 'Norway', 'mbraisher16');
insert into public.seller_infos (id, marketplace_id, name, url, country, external_id) values ('b53ac80a-2330-4998-b436-3f54b642bdd9', 'ebay.co.uk', 'acosins22', 'https://gnu.org/volutpat/eleifend/donec/ut/dolor.png', 'Mali', 'girnys22');
insert into public.seller_infos (id, marketplace_id, name, url, country, external_id) values ('b9f94b53-db8a-4904-98c2-f47cd84f4bf3', 'github.io', 'xrubbens1v', 'https://a8.net/non/velit/donec/diam/neque/vestibulum/eget.js', 'New Zealand', 'igeerits1v');
insert into public.seller_infos (id, marketplace_id, name, url, country, external_id) values ('32a8565d-d3b0-4fa6-a823-391e91278747', 'webnodes.com', 'jmccarthy8', 'https://sphinn.com/ac/consequat/metus/sapien.jpg', 'France', 'amoyne8');
insert into public.seller_infos (id, marketplace_id, name, url, country, external_id) values ('aa95854d-439c-4b8a-a801-418a19d93d01', 'upenn.edu', 'lguitone', 'http://google.cn/purus/sit/amet/nulla/quisque.js', 'Greece', 'lvandervliese');
insert into public.seller_infos (id, marketplace_id, name, url, country, external_id) values ('60937221-01ae-4fdd-8aae-a33f426d593f', 'dell3.com', 'slehrer25', 'http://ning.com/odio/consequat/varius/integer/ac/leo.html', 'Chad', 'jmilward25');
insert into public.seller_infos (id, marketplace_id, name, url, country, external_id) values ('837a27e9-effe-4aab-8ad4-9bab78cf7d08', 'a855.net', 'slitchfield2q', 'http://shareasale.com/nulla/justo/aliquam.xml', 'Burkina Faso', 'jwoodrup2q');
insert into public.seller_infos (id, marketplace_id, name, url, country, external_id) values ('9bbfccc7-209e-4939-a060-65ce95f3b043', 'mozilla6.com', 'lcrome1c', 'https://dailymotion.com/integer/pede/justo/lacinia.aspx', 'Russia', 'erushmere1c');
insert into public.seller_infos (id, marketplace_id, name, url, country, external_id) values ('5d39df20-56b6-45eb-8384-159543e6f921', 'unc.edu', 'emettetal38', 'https://about.com/venenatis/turpis/enim/blandit/mi/in/porttitor.jsp', 'Greece', 'tjacquemet38');
insert into public.seller_infos (id, marketplace_id, name, url, country, external_id) values ('8cf88cd4-3c1a-4521-83ac-8023b03cafee', 'diigo2.com', 'ctibald4w', 'http://gizmodo.com/sit.js', 'China', 'jmacgorman4w');
insert into public.seller_infos (id, marketplace_id, name, url, country, external_id) values ('1a7f722b-62cf-43e4-a0b1-c7db0235537b', 'technorati3.com', 'bblinerman3e', 'http://taobao.com/lobortis/vel/dapibus/at.png', 'Indonesia', 'mswann3e');
insert into public.seller_infos (id, marketplace_id, name, url, country, external_id) values ('c3d6d473-f250-4ec3-b45c-aada8b812e40', 'newsvine.com', 'amccaskell41', 'http://java.com/porttitor/lacus/at/turpis.html', 'Saudi Arabia', 'lyanshin41');
insert into public.seller_infos (id, marketplace_id, name, url, country, external_id) values ('1bd95748-72d6-432f-82b2-0c7a59c45b7c', 'tripadvisor.com', 'lgallihaulkj', 'http://aboutads.info/cras/non/velit.js', 'Chile', 'ngiorgiuttij');
insert into public.seller_infos (id, marketplace_id, name, url, country, external_id) values ('e5960d15-9c43-4ee9-8b81-b016df1a4206', 'jugemf.jp', 'memmitt49', 'https://latimes.com/varius/nulla/facilisi/cras/non/velit/nec.xml', 'Mongolia', 'scowitz49');
insert into public.seller_infos (id, marketplace_id, name, url, country, external_id) values ('5b178eb3-eb9b-4267-bcba-8b43b28343ae', 'furl.net', 'lmonteath4p', 'https://de.vu/dapibus/duis/at/velit/eu.aspx', 'Poland', 'tgibling4p');
insert into public.seller_infos (id, marketplace_id, name, url, country, external_id) values ('c2e56770-8483-41db-99ec-410a50bdeea5', 'loc.gov', 'kmetcalfe47', 'http://com.com/eu.html', 'France', 'cdilleston47');
insert into public.seller_infos (id, marketplace_id, name, url, country, external_id) values ('ae86e966-4702-487b-a7bb-ae9fa49bfd34', 'webnodes.com', 'bcottey30', 'https://t.co/in/faucibus/orci/luctus.jpg', 'Uzbekistan', 'barrighini30');
insert into public.seller_infos (id, marketplace_id, name, url, country, external_id) values ('d2f93d54-b897-40aa-9ca2-a2d04777368c', 'yolasite2.com', 'jpharo2', 'http://360.cn/venenatis/turpis/enim/blandit.js', 'China', 'joverland2');
insert into public.seller_infos (id, marketplace_id, name, url, country, external_id) values ('2b8ec4a9-7e37-4c6c-a9fa-5467324a94ea', 'skyrock.com', 'lornizv', 'http://archive.org/a/odio.jsp', 'Sweden', 'bsigfridv');
insert into public.seller_infos (id, marketplace_id, name, url, country, external_id) values ('0e4fa79b-83f8-47b9-a8b6-8a7dc384ba5f', 'seesaa2.net', 'gedysonx', 'http://columbia.edu/faucibus/orci/luctus/et/ultrices.png', 'Brazil', 'kmacdiarmidx');
insert into public.seller_infos (id, marketplace_id, name, url, country, external_id) values ('6418770c-98c4-4ce9-b4a1-d976605c057c', 'sphinn4.com', 'tgillise3k', 'http://wix.com/donec/posuere/metus/vitae.jpg', 'Philippines', 'lrelph3k');
insert into public.seller_infos (id, marketplace_id, name, url, country, external_id) values ('ec80ce05-58ff-4f6b-ae09-7b64d721597b', 'pagesperso-orange.fr', 'bduffree17', 'https://youtu.be/nec/molestie.jsp', 'Poland', 'amcgaugan17');
insert into public.seller_infos (id, marketplace_id, name, url, country, external_id) values ('21c69ff8-a447-46e2-855e-bb399d134f1c', '1und1.de', 'flotte5j', 'http://dailymotion.com/ut/erat.json', 'United States', 'eperkin5j');
insert into public.seller_infos (id, marketplace_id, name, url, country, external_id) values ('4feeeeab-1c7b-41b6-8f52-5db9c34cc545', 'google.pl', 'cwintringham4i', 'https://java.com/auctor/sed/tristique/in.xml', 'Croatia', 'rguesford4i');
insert into public.seller_infos (id, marketplace_id, name, url, country, external_id) values ('af993a9a-bc7c-4376-bf68-abe4d8fd9a75', 'cnn.com', 'nollerenshaw29', 'http://naver.com/lorem/vitae.png', 'China', 'pmordan29');
insert into public.seller_infos (id, marketplace_id, name, url, country, external_id) values ('ec19b55e-94ac-4f78-82b8-5071362d71cc', 'bloglines.com', 'msommerland5a', 'http://archive.org/tincidunt.aspx', 'Ukraine', 'vhalloway5a');
insert into public.seller_infos (id, marketplace_id, name, url, country, external_id) values ('c0252b07-f79d-4d01-be67-14f377e1c512', 'dyndnszzz.org', 'dryland23', 'https://examiner.com/lobortis/vel/dapibus/at/diam.xml', 'Brazil', 'tgerrit23');
insert into public.seller_infos (id, marketplace_id, name, url, country, external_id) values ('58358323-eb50-4ca9-81e8-47cd659e0f17', 'bloglines.com', 'chadden2i', 'http://constantcontact.com/sem/praesent/id.xml', 'Russia', 'edowse2i');
insert into public.seller_infos (id, marketplace_id, name, url, country, external_id) values ('65d44dd8-b3a0-418b-b71a-56891077fdbc', 'ycombinatorre.com', 'estickel2w', 'https://ebay.com/viverra.jpg', 'China', 'amillican2w');
insert into public.seller_infos (id, marketplace_id, name, url, country, external_id) values ('2e09c8f6-dd88-46f7-a476-e8d80973ae2d', 'rediff.com', 'akolis11', 'https://yellowbook.com/turpis/donec/posuere.jsp', 'Poland', 'ekernley11');
insert into public.seller_infos (id, marketplace_id, name, url, country, external_id) values ('e9e2ac2d-6aba-499d-a7d9-4400b1553e39', '1und1.de', 'ecicerone2r', 'http://spotify.com/magnis/dis.png', 'Russia', 'hringwood2r');
insert into public.seller_infos (id, marketplace_id, name, url, country, external_id) values ('fec13057-78d1-449f-bacd-152b97b4762e', 'alibaba.com', 'mokey5e', 'http://freewebs.com/maecenas.png', 'China', 'srenzo5e');
insert into public.seller_infos (id, marketplace_id, name, url, country, external_id) values ('0be005e0-63f7-4078-a744-090c87cfbbaa', 'sakura.ne.jp', 'ahardwell3r', 'https://rediff.com/vulputate/justo/in/blandit/ultrices.html', 'France', 'mbortolazzi3r');
insert into public.seller_infos (id, marketplace_id, name, url, country, external_id) values ('e11958fb-21cc-4778-b4d3-d722787bf6e9', 'studiopress.com', 'aaldgate3f', 'https://phpbb.com/laoreet/ut/rhoncus/aliquet/pulvinar/sed/nisl.jsp', 'Bangladesh', 'kmatuska3f');
insert into public.seller_infos (id, marketplace_id, name, url, country, external_id) values ('06666035-ab75-462f-9c50-f327b4bd752d', 'jimdof.com', 'mbalden4a', 'https://meetup.com/sit/amet/cursus/id/turpis.json', 'Afghanistan', 'tcuel4a');
insert into public.seller_infos (id, marketplace_id, name, url, country, external_id) values ('e1cc2dc3-e9ec-425d-bc4e-c8ccd79b8f50', 'foxnews2.com', 'fstrippling1z', 'http://hc360.com/viverra.xml', 'Nigeria', 'nwatts1z');
insert into public.seller_infos (id, marketplace_id, name, url, country, external_id) values ('5ac7a6a4-ec99-40ce-9d4d-29f382e9d3d3', 'cornell33.edu', 'jhartridge50', 'https://mozilla.org/ut/mauris/eget/massa/tempor.jsp', 'Russia', 'striplett50');
insert into public.seller_infos (id, marketplace_id, name, url, country, external_id) values ('13e680a0-8dc8-4fd9-bdfc-e42290c93055', 'tinyurl.com', 'jskedk', 'https://noaa.gov/lectus/aliquam/sit.json', 'Russia', 'tchataink');
insert into public.seller_infos (id, marketplace_id, name, url, country, external_id) values ('f589de2e-6f5e-4104-80ed-59c054ed8f39', 'sakura2.ne.jp', 'mpodbury3s', 'https://unc.edu/ligula/suspendisse/ornare.jsp', 'Thailand', 'mmuneely3s');
insert into public.seller_infos (id, marketplace_id, name, url, country, external_id) values ('561b693e-7c87-4f86-a5b4-a4007c607baf', 'hubpagescc.com', 'lkeaveny4f', 'http://tmall.com/primis/in/faucibus/orci/luctus/et/ultrices.json', 'Mexico', 'dhaylett4f');
insert into public.seller_infos (id, marketplace_id, name, url, country, external_id) values ('f9d5860a-96cc-4d09-98be-c4824cd81243', 'soup.io', 'iheatheringtont', 'https://gravatar.com/quis.js', 'France', 'sgeffent');
insert into public.seller_infos (id, marketplace_id, name, url, country, external_id) values ('798eeaaa-68e1-42d2-bead-f3e2dee6bd34', 'godaddy.com', 'jsharpus1u', 'https://blogger.com/sit/amet.jsp', 'China', 'kharfoot1u');
insert into public.seller_infos (id, marketplace_id, name, url, country, external_id) values ('032e5d72-2bce-4eb2-afb7-ecb4b561ac11', 'state2.gov', 'ralder3h', 'http://symantec.com/curae/nulla/dapibus/dolor/vel/est.aspx', 'Canada', 'droxbee3h');
insert into public.seller_infos (id, marketplace_id, name, url, country, external_id) values ('83557f65-9e1b-4ee1-872e-653b958fdc0b', 'bbc.co.uk', 'wbyrde5c', 'https://netlog.com/ipsum/primis/in.jpg', 'Uganda', 'mclifft5c');
insert into public.seller_infos (id, marketplace_id, name, url, country, external_id) values ('33b9d514-74a0-4cc6-8053-3870046356ba', 'yolasite33.com', 'bglentworth1', 'http://liveinternet.ru/rhoncus/mauris/enim.xml', 'Philippines', 'blehenmann1');
insert into public.seller_infos (id, marketplace_id, name, url, country, external_id) values ('a13539e3-99ce-4db9-a1f5-8a2223a35cf6', 'nasa.gov', 'jdiamant1b', 'http://va.gov/nulla.png', 'Sweden', 'crawe1b');
insert into public.seller_infos (id, marketplace_id, name, url, country, external_id) values ('e0f4b873-914d-44cd-94c4-f12627ba4fb2', 'weibo.com', 'ftwomey2z', 'https://trellian.com/phasellus/id/sapien/in/sapien/iaculis.js', 'Indonesia', 'tpoundford2z');
insert into public.seller_infos (id, marketplace_id, name, url, country, external_id) values ('74165d04-1c97-46cd-a0fd-0c2d40aa0ffe', 'cbslocal.com', 'amacguiness2d', 'https://sciencedaily.com/integer/tincidunt/ante.xml', 'Poland', 'jwhiff2d');
insert into public.seller_infos (id, marketplace_id, name, url, country, external_id) values ('ca3f3cff-533b-4f15-b2c2-2373717b0894', 'phpbb.com', 'rsamuels3u', 'http://g.co/est.jsp', 'Indonesia', 'rfowells3u');
insert into public.seller_infos (id, marketplace_id, name, url, country, external_id) values ('7941ce45-a42f-4d6f-99bb-b0e9d51bec25', 'bbc.co.uk', 'shessle2k', 'http://globo.com/justo/in/blandit/ultrices/enim.json', 'China', 'lmeredyth2k');
insert into public.seller_infos (id, marketplace_id, name, url, country, external_id) values ('5d58c736-7025-41a8-aae4-e72a1afff2c1', 'sphinn4.com', 'kmatelyunass', 'https://live.com/nec/molestie/sed/justo.aspx', 'Belgium', 'dvonaseks');
insert into public.seller_infos (id, marketplace_id, name, url, country, external_id) values ('25468bcd-33a4-4244-aa10-ce7cf85d5e27', 'pagesperso-orange.fr', 'wlobell3z', 'https://utexas.edu/eu/massa/donec/dapibus/duis/at.jsp', 'Indonesia', 'evalentin3z');
insert into public.seller_infos (id, marketplace_id, name, url, country, external_id) values ('b6512f0e-c909-439d-bb77-b09f40d9c4ef', 'dell3.com', 'kpearch4x', 'https://shop-pro.jp/libero.json', 'China', 'vethridge4x');
insert into public.seller_infos (id, marketplace_id, name, url, country, external_id) values ('1c8e0618-75b8-498c-8632-ad8222e85b87', 'mapy.cz', 'moreagan1e', 'https://squidoo.com/pellentesque.xml', 'Mauritania', 'mrabat1e');
insert into public.seller_infos (id, marketplace_id, name, url, country, external_id) values ('e411a85e-93fd-4b8e-90ce-28125354d4ae', 'sakura.ne.jp', 'abrownsillz', 'http://illinois.edu/tristique/fusce/congue.jsp', 'United States', 'ekewleyz');
insert into public.seller_infos (id, marketplace_id, name, url, country, external_id) values ('f59d5db3-c7ed-4ead-b82e-77e33603d151', 'ycombinatorre.com', 'tragsdale4', 'https://wunderground.com/ipsum/primis/in/faucibus/orci/luctus/et.html', 'China', 'cchasmor4');
insert into public.seller_infos (id, marketplace_id, name, url, country, external_id) values ('877cc574-99eb-4e7a-b4f9-a83d18288015', 'spotify1.com', 'aiacovaccir', 'https://wix.com/molestie/nibh/in/lectus/pellentesque/at.jsp', 'Indonesia', 'vspendleyr');
insert into public.seller_infos (id, marketplace_id, name, url, country, external_id) values ('98ccc391-a6b5-4d67-ac10-a8f92afd8d5d', 'fda.gov', 'nnollet20', 'http://paginegialle.it/lorem/id/ligula/suspendisse/ornare/consequat.png', 'Indonesia', 'agellier20');
insert into public.seller_infos (id, marketplace_id, name, url, country, external_id) values ('430e6810-415e-4a89-bb7c-fa7bdfc9ec6a', 'lastr.fm', 'dfrensch1g', 'http://netlog.com/elementum/nullam/varius.jsp', 'Portugal', 'rlaughtisse1g');
insert into public.seller_infos (id, marketplace_id, name, url, country, external_id) values ('7da1cf84-44c0-4a83-bf7b-56d8e94948ae', 'yolasite2.com', 'pgibbetts2u', 'http://tumblr.com/dui/vel/nisl/duis/ac/nibh/fusce.png', 'China', 'hbillings2u');
insert into public.seller_infos (id, marketplace_id, name, url, country, external_id) values ('f57b2bb8-a8dd-4f6c-9e74-ba3d28009ed4', 'phpbb.com', 'mswan12', 'https://com.com/varius.jpg', 'China', 'gtoffanini12');
insert into public.seller_infos (id, marketplace_id, name, url, country, external_id) values ('5bc7423f-964d-4b2c-923c-79fba68dd8a3', 'loc.gov', 'ygrelik1f', 'https://ucla.edu/cursus/urna.aspx', 'Indonesia', 'hbailes1f');
insert into public.seller_infos (id, marketplace_id, name, url, country, external_id) values ('2e08526c-9d7c-4ec0-a373-f94858e604b3', 'goo.gl', 'tflucker4l', 'http://devhub.com/maecenas/tristique/est/et.png', 'Thailand', 'umatherson4l');
-- ---------------------------------------------------
insert into public.producers (id, name, created_at) values ('624fdd50-63c8-4c68-8bd0-07447f7bdfb7', 'Emmerich-Hartmann', '2023-09-24 00:00:00.000000');
insert into public.producers (id, name, created_at) values ('a3337e40-d210-4ce5-bb74-dd3cad2dc6c3', 'Thompson, Williamson and Schaden', '2023-08-15 00:00:00.000000');
insert into public.producers (id, name, created_at) values ('43eb75ce-affe-4b27-a4a5-b2883e0d189a', 'Cruickshank LLC', '2023-09-24 00:00:00.000000');
insert into public.producers (id, name, created_at) values ('1308656c-de6d-432b-8d1b-4e7638fe8e39', 'Windler-Mayert', '2023-10-23 00:00:00.000000');
insert into public.producers (id, name, created_at) values ('cbb881e2-1663-41e8-89bc-5f59da6f0859', 'Schuster, Herzog and Roberts', '2023-11-18 00:00:00.000000');
insert into public.producers (id, name, created_at) values ('671b3aea-5f17-4f09-a7bf-6fbece79e7ad', 'Walsh, Abshire and Windler', '2023-11-26 00:00:00.000000');
insert into public.producers (id, name, created_at) values ('384d8ac4-8559-41ca-9bf7-f73239832fb2', 'Conn, Halvorson and Krajcik', '2023-05-11 00:00:00.000000');
insert into public.producers (id, name, created_at) values ('8e0835e1-ad2e-4e89-9bd4-869f5d1597e2', 'Jacobi, Kunde and Cremin', '2024-01-07 00:00:00.000000');
insert into public.producers (id, name, created_at) values ('8597763e-2ea2-4ba5-9ce9-ffe514469f33', 'Dibbert, Corkery and Franecki', '2023-06-29 00:00:00.000000');
insert into public.producers (id, name, created_at) values ('ac7f2e45-f9be-4a98-bb8d-3553ab388b71', 'Johnston-Hilpert', '2024-02-11 00:00:00.000000');
insert into public.producers (id, name, created_at) values ('e7724b7e-2f82-4397-bbe3-471aaaef54b7', 'Collins, Gottlieb and Franecki', '2023-09-06 00:00:00.000000');
insert into public.producers (id, name, created_at) values ('c4b95742-15a9-4995-9dfe-ad4b7126547d', 'Hegmann-Emmerich', '2023-04-30 00:00:00.000000');
insert into public.producers (id, name, created_at) values ('de4cdbba-9832-42b7-9294-dbbda71fc5fa', 'Carter, Oberbrunner and Stracke', '2024-02-11 00:00:00.000000');
insert into public.producers (id, name, created_at) values ('e81a72fa-2a0c-42cf-9a5f-bfe44c95356b', 'Beer, Gleichner and Considine', '2024-03-01 00:00:00.000000');
insert into public.producers (id, name, created_at) values ('0f4f0ea4-e369-4bc8-b343-3755da1222a3', 'Stroman-Leannon', '2023-10-20 00:00:00.000000');
insert into public.producers (id, name, created_at) values ('bfb5b00e-dc89-44d6-889f-00b5424d1e12', 'Huels, Hammes and Murazik', '2023-09-08 00:00:00.000000');
insert into public.producers (id, name, created_at) values ('afd54bb1-3fac-408a-adcb-e9d01a7d54ae', 'Beier Inc', '2023-07-23 00:00:00.000000');
insert into public.producers (id, name, created_at) values ('b7b837e6-aaa3-4142-be76-c957a60d2bbd', 'Reynolds LLC', '2024-02-14 00:00:00.000000');
insert into public.producers (id, name, created_at) values ('d7631166-1f6f-4105-99a6-bc1a06301074', 'Paucek and Sons', '2024-02-29 00:00:00.000000');
insert into public.producers (id, name, created_at) values ('a30c7f43-00a6-4009-a01c-3c0fe501b2da', 'Robel, Simonis and Morissette', '2023-04-27 00:00:00.000000');
insert into public.producers (id, name, created_at) values ('db735839-af19-4f58-b6ca-01c6737e99a2', 'Koepp, Dickinson and Kautzer', '2023-12-03 00:00:00.000000');
insert into public.producers (id, name, created_at) values ('6a614b3a-cd85-49b7-b673-425bc8c2f99e', 'Muller-Cassin', '2023-11-16 00:00:00.000000');
insert into public.producers (id, name, created_at) values ('965d794c-add2-474c-ab06-d1e3fc805bc1', 'Ritchie-Stehr', '2023-08-27 00:00:00.000000');
insert into public.producers (id, name, created_at) values ('887f6429-963c-479e-858c-1ada06bd224a', 'Streich, Zieme and Hyatt', '2024-03-02 00:00:00.000000');
insert into public.producers (id, name, created_at) values ('4373af1f-94a5-4579-956b-1609cf0eb4d9', 'Macejkovic Inc', '2023-11-21 00:00:00.000000');
insert into public.producers (id, name, created_at) values ('9c8fb574-7ed4-478e-bf00-90623ae58c6a', 'Bogan, Lehner and Osinski', '2024-02-05 00:00:00.000000');
insert into public.producers (id, name, created_at) values ('7f24f420-c952-488d-b937-006c36a916fd', 'Kreiger LLC', '2023-06-04 00:00:00.000000');
insert into public.producers (id, name, created_at) values ('4e4a9292-8a21-4aae-b0cf-da9c11d2f19e', 'Runolfsdottir Inc', '2023-04-10 00:00:00.000000');
insert into public.producers (id, name, created_at) values ('571f1e7f-47d4-474a-a60e-712cddaa38e2', 'Reichert and Sons', '2023-09-27 00:00:00.000000');
insert into public.producers (id, name, created_at) values ('d70293c8-1512-46c4-8e3d-b48ff5055e1d', 'Koepp-Maggio', '2023-12-26 00:00:00.000000');
insert into public.producers (id, name, created_at) values ('d6be6a06-11d6-42f2-a28f-dba9988afc30', 'Padberg-Boyle', '2023-08-08 00:00:00.000000');
insert into public.producers (id, name, created_at) values ('29ea6cda-d5d7-47d7-bb99-310a426fc111', 'Rowe-Murazik', '2023-04-03 00:00:00.000000');
insert into public.producers (id, name, created_at) values ('0fd39dd4-e081-45de-bfe7-5d28ecd44cf3', 'Gleason, Lemke and Smitham', '2023-10-30 00:00:00.000000');
insert into public.producers (id, name, created_at) values ('645399d7-d70a-4599-872e-b2a9b4d4925e', 'Hills, Turcotte and Gutmann', '2023-03-25 00:00:00.000000');
insert into public.producers (id, name, created_at) values ('256fe989-8c48-4aa4-92f6-f60c66fc9b2f', 'Oberbrunner-Harris', '2023-09-25 00:00:00.000000');
insert into public.producers (id, name, created_at) values ('7fd43926-86dc-41bc-9496-a057afbfe76b', 'Shanahan-Thiel', '2023-06-22 00:00:00.000000');
insert into public.producers (id, name, created_at) values ('fb4a712c-9f15-4b8a-a844-d9b84fe88aa9', 'Langworth-Lynch', '2023-12-20 00:00:00.000000');
insert into public.producers (id, name, created_at) values ('7882de10-c31d-457d-8f14-434363a79c40', 'Gutmann, Upton and Reynolds', '2023-04-04 00:00:00.000000');
insert into public.producers (id, name, created_at) values ('b01b1509-28b1-4266-bdca-83ba30a1ea39', 'Towne-Lockman', '2024-03-05 00:00:00.000000');
insert into public.producers (id, name, created_at) values ('6a36ba26-a6a8-461e-98d9-5b5bc400d819', 'White-Feest', '2023-08-29 00:00:00.000000');
insert into public.producers (id, name, created_at) values ('a01698b1-2769-4b2a-95c4-fd1c246905ef', 'Oberbrunner, Cormier and Wilderman', '2023-05-31 00:00:00.000000');
insert into public.producers (id, name, created_at) values ('c57fef97-2efe-450c-854b-70ec9cf0a6e0', 'Oberbrunner, Jacobson and Powlowski', '2023-08-23 00:00:00.000000');
insert into public.producers (id, name, created_at) values ('eb683198-138c-4111-ab06-3e0df85beef4', 'Collins, Von and Goldner', '2023-03-26 00:00:00.000000');
insert into public.producers (id, name, created_at) values ('058a278f-c6ff-48df-9311-f7d25c487266', 'McLaughlin-Wyman', '2024-02-18 00:00:00.000000');
insert into public.producers (id, name, created_at) values ('dc16255a-5eac-4102-a054-efe17014954d', 'Halvorson Inc', '2023-11-28 00:00:00.000000');
insert into public.producers (id, name, created_at) values ('d6f451b7-5705-4f8a-90eb-fe19250ca47a', 'Abernathy LLC', '2023-09-05 00:00:00.000000');
insert into public.producers (id, name, created_at) values ('ee7feca9-e85f-4f25-ae60-f41f3787f3e7', 'Becker, Koepp and Treutel', '2023-06-05 00:00:00.000000');
insert into public.producers (id, name, created_at) values ('4afa9e02-9f2c-48ac-9c46-611cfa339603', 'Dach Group', '2023-09-02 00:00:00.000000');
insert into public.producers (id, name, created_at) values ('eb008e96-1a21-4e9e-b086-34d8dcae7323', 'Bailey and Sons', '2023-07-11 00:00:00.000000');
insert into public.producers (id, name, created_at) values ('8922c843-47fa-438d-9eb9-78116f15b058', 'Schimmel-Flatley', '2023-11-25 00:00:00.000000');
insert into public.producers (id, name, created_at) values ('2c2d2398-ccc0-4658-a32d-2572e832d613', 'Senger-Cassin', '2023-04-28 00:00:00.000000');
insert into public.producers (id, name, created_at) values ('9b2ad672-9134-4f39-a794-1a549920157d', 'Brakus, Morissette and Welch', '2023-03-10 00:00:00.000000');
insert into public.producers (id, name, created_at) values ('3a024f20-bc35-4df4-8e95-31a1d4d80f08', 'Fadel, McClure and Schmeler', '2023-09-07 00:00:00.000000');
insert into public.producers (id, name, created_at) values ('045f4b34-c98a-4f50-bf7b-00120e04f584', 'Jacobs Group', '2024-02-03 00:00:00.000000');
insert into public.producers (id, name, created_at) values ('9237e2d3-5942-446c-88f8-e55198f51395', 'Ledner-Maggio', '2023-05-28 00:00:00.000000');
insert into public.producers (id, name, created_at) values ('ea3832fd-800f-4531-a839-1544b7c4ef3b', 'Kuhn, Toy and Cassin', '2023-12-01 00:00:00.000000');
insert into public.producers (id, name, created_at) values ('5c3e2dd2-a96b-4d43-86bd-84903d1e2160', 'Schiller LLC', '2024-01-20 00:00:00.000000');
insert into public.producers (id, name, created_at) values ('6bc074a8-27cb-4864-a074-7a851b429601', 'Kling, Koelpin and Metz', '2023-05-22 00:00:00.000000');
insert into public.producers (id, name, created_at) values ('9f562cd2-9038-4870-a088-ca006df610ce', 'Simonis Group', '2023-08-31 00:00:00.000000');
insert into public.producers (id, name, created_at) values ('91a00b9d-870d-48cf-9d6c-086e364caa31', 'Gislason, Tremblay and Kovacek', '2023-12-21 00:00:00.000000');
insert into public.producers (id, name, created_at) values ('77871b6d-23b5-417b-95fc-de2052b9d73d', 'Boehm-Doyle', '2023-07-17 00:00:00.000000');
insert into public.producers (id, name, created_at) values ('4db03d43-a05e-430c-b1a9-cf191c6d78a7', 'Runte-Gleichner', '2023-11-03 00:00:00.000000');
insert into public.producers (id, name, created_at) values ('3742bfcf-af35-4911-a145-618c6b071fdc', 'Fay, Grady and Cummerata', '2023-08-11 00:00:00.000000');
insert into public.producers (id, name, created_at) values ('4d9493cb-bd98-49cf-9774-87f2559f6d69', 'Von, MacGyver and Hagenes', '2024-03-04 00:00:00.000000');
insert into public.producers (id, name, created_at) values ('2692e27c-6289-4e25-bf4a-c86754f401ac', 'Oberbrunner-Grady', '2023-08-31 00:00:00.000000');
insert into public.producers (id, name, created_at) values ('d74a907f-21b0-4898-88e0-6796414e8e3c', 'Strosin Inc', '2023-11-08 00:00:00.000000');
insert into public.producers (id, name, created_at) values ('70fa3018-3e82-4884-93e1-bf6bd9e2c5a3', 'Runolfsson LLC', '2023-10-15 00:00:00.000000');
insert into public.producers (id, name, created_at) values ('c472ce72-9508-4ac0-bf53-fc290dc7fa85', 'Brekke, McGlynn and Waters', '2023-04-19 00:00:00.000000');
insert into public.producers (id, name, created_at) values ('f7a0bb9f-b41b-4cd0-8f28-7296d9038f1f', 'Hartmann, Bogisich and Jast', '2023-12-30 00:00:00.000000');
insert into public.producers (id, name, created_at) values ('a354ceca-aded-4bef-bac5-fc32d569a9f2', 'Lueilwitz-Littel', '2023-10-06 00:00:00.000000');
insert into public.producers (id, name, created_at) values ('0297dd2a-54bc-4481-8e94-a52a136d235d', 'Larson-Schumm', '2023-04-01 00:00:00.000000');
insert into public.producers (id, name, created_at) values ('b07c65f9-b562-41ea-b177-e205abe93275', 'Ryan-Hickle', '2023-05-03 00:00:00.000000');
insert into public.producers (id, name, created_at) values ('fd53ba8b-c1bf-4510-953d-47ef9bf994d2', 'Cruickshank and Sons', '2023-03-17 00:00:00.000000');
insert into public.producers (id, name, created_at) values ('9438ad21-0c26-4d85-8c24-4aa22b8ca18f', 'Barton Inc', '2023-06-10 00:00:00.000000');
insert into public.producers (id, name, created_at) values ('f559083e-0fd7-4658-8d45-c76c7f59ed07', 'Balistreri Inc', '2024-03-06 00:00:00.000000');
insert into public.producers (id, name, created_at) values ('0807e6ad-26be-42fe-8dcf-d41702ae42b0', 'Sanford, O''Kon and Cormier', '2024-03-01 00:00:00.000000');
insert into public.producers (id, name, created_at) values ('7f87e423-0415-4b81-9e93-f7a5ae613539', 'Abernathy, Ritchie and Satterfield', '2023-04-30 00:00:00.000000');
insert into public.producers (id, name, created_at) values ('cdde1d80-9fc3-41d0-8a5b-217ae0c28dd8', 'Pollich, Pollich and Prosacco', '2023-04-17 00:00:00.000000');
insert into public.producers (id, name, created_at) values ('f4e7f3ee-13f5-45f4-809b-3cbe895b4cb7', 'Ondricka-Waters', '2023-05-17 00:00:00.000000');
insert into public.producers (id, name, created_at) values ('7fb8001d-e7cc-4fc2-b62a-e6ae653af262', 'McCullough Group', '2023-12-16 00:00:00.000000');
insert into public.producers (id, name, created_at) values ('8e78e024-37e4-47ce-a34b-748aa5198616', 'Nicolas, Auer and Batz', '2023-07-09 00:00:00.000000');
insert into public.producers (id, name, created_at) values ('fdc7836e-3e06-4aad-b1bf-ec9808fbf234', 'Reynolds, Nader and Yost', '2023-09-15 00:00:00.000000');
insert into public.producers (id, name, created_at) values ('a4be97f9-67a6-4512-9322-1b6e204ed498', 'Simonis-Jaskolski', '2024-01-06 00:00:00.000000');
insert into public.producers (id, name, created_at) values ('986cf9a9-987a-4f97-9254-4c2a001a0fd1', 'Lockman, Hyatt and Funk', '2023-07-01 00:00:00.000000');
insert into public.producers (id, name, created_at) values ('7b610001-f291-49c2-95a2-7b40a712e34f', 'Erdman, McGlynn and Botsford', '2023-06-20 00:00:00.000000');
insert into public.producers (id, name, created_at) values ('de5087b2-7ed2-4cd4-a62e-db9b4291c87d', 'Bosco, Schamberger and Hudson', '2023-09-05 00:00:00.000000');
insert into public.producers (id, name, created_at) values ('e7195bfc-fde7-4e95-8e9c-2d1e63f51d66', 'Kutch-Rippin', '2023-12-06 00:00:00.000000');
insert into public.producers (id, name, created_at) values ('1b5e318a-0ea2-4723-8006-56cf157ebd0a', 'Gutkowski, Gutmann and Jakubowski', '2024-02-22 00:00:00.000000');
insert into public.producers (id, name, created_at) values ('760fe769-a51c-4140-965c-1f383d69eca1', 'Wisoky, Deckow and Bosco', '2023-09-15 00:00:00.000000');
insert into public.producers (id, name, created_at) values ('5771ba06-a4be-43bd-8ef7-d11107a41374', 'Christiansen, Collier and Mills', '2023-03-09 00:00:00.000000');
insert into public.producers (id, name, created_at) values ('e836004d-c8ea-4c0f-83dc-96671d600c9d', 'Weber, Denesik and Hackett', '2024-01-22 00:00:00.000000');
insert into public.producers (id, name, created_at) values ('b7284a77-96f3-4ebd-9d5a-7430c17bf794', 'Pollich-Bednar', '2023-10-24 00:00:00.000000');
insert into public.producers (id, name, created_at) values ('b6543870-79fa-4286-b1b8-2491c35b1687', 'Keebler, Dicki and King', '2023-03-12 00:00:00.000000');
insert into public.producers (id, name, created_at) values ('5132f722-fb8d-4e4a-aec8-fde5fc79e3cb', 'Skiles, Spencer and Beer', '2024-03-03 00:00:00.000000');
insert into public.producers (id, name, created_at) values ('16f339b2-2446-4649-be25-dbb27c476f06', 'Spinka and Sons', '2023-09-10 00:00:00.000000');
insert into public.producers (id, name, created_at) values ('0e4a352d-8355-4d6e-a846-58d983416367', 'Schaden-Cronin', '2023-07-14 00:00:00.000000');
insert into public.producers (id, name, created_at) values ('fde190c3-3ec9-4981-af3d-4ab8c5e203fa', 'Schiller, Tremblay and Doyle', '2023-06-04 00:00:00.000000');
insert into public.producers (id, name, created_at) values ('b55903f6-9dc8-4af5-9465-fec362b7d9c1', 'Walsh LLC', '2023-12-20 00:00:00.000000');
insert into public.producers (id, name, created_at) values ('73d15f37-5cb3-4860-8410-c1c78d769121', 'Moen Inc', '2023-05-21 00:00:00.000000');
insert into public.producers (id, name, created_at) values ('6a807f10-d51c-4718-9d7d-d48e80e5dde0', 'Gleichner-Okuneva', '2023-05-29 00:00:00.000000');
-- -----------------------------------------------------------
insert into public.sellers (id, producer_id, seller_info_id, state) values ('ffd64ab0-6f6a-4cf4-a105-b5392c7b61ef', 'b6543870-79fa-4286-b1b8-2491c35b1687', '78a0aa79-ed70-43b9-b162-8a90e15e5cef', 'REGULAR');
insert into public.sellers (id, producer_id, seller_info_id, state) values ('d38a06cc-d6e8-4d6c-a7de-e0f7bbeca797', 'db735839-af19-4f58-b6ca-01c6737e99a2', '648c6a9c-2166-4890-bb2c-df107f4e9310', 'REGULAR');
insert into public.sellers (id, producer_id, seller_info_id, state) values ('8a9d6cbe-a445-4b2d-bf75-c3f5ca069c21', '8922c843-47fa-438d-9eb9-78116f15b058', '9bfabb97-1bef-4b0d-acd8-7a1683d8826a', 'GREYLISTED');
insert into public.sellers (id, producer_id, seller_info_id, state) values ('ee11cfa9-8c9f-41d0-ac48-fc46691e05e8', '384d8ac4-8559-41ca-9bf7-f73239832fb2', 'ea1685dc-d596-4226-a2b5-4654ce868f10', 'REGULAR');
insert into public.sellers (id, producer_id, seller_info_id, state) values ('0bca887c-5c19-4644-9c6d-7428561a9f6a', '2c2d2398-ccc0-4658-a32d-2572e832d613', '648c6a9c-2166-4890-bb2c-df107f4e9310', 'WHITELISTED');
insert into public.sellers (id, producer_id, seller_info_id, state) values ('2b938b47-9b81-427d-bd79-b49fd47c9f82', 'fde190c3-3ec9-4981-af3d-4ab8c5e203fa', '3fc3f020-1bff-4f5c-a63b-6331dbbb5897', 'REGULAR');
insert into public.sellers (id, producer_id, seller_info_id, state) values ('2f7a2c43-2e8c-40d6-8dce-98075b9414c5', 'c472ce72-9508-4ac0-bf53-fc290dc7fa85', 'ae86e966-4702-487b-a7bb-ae9fa49bfd34', 'GREYLISTED');
insert into public.sellers (id, producer_id, seller_info_id, state) values ('0fedd7e8-e88e-45be-8bdf-d5918433805d', '256fe989-8c48-4aa4-92f6-f60c66fc9b2f', 'd25bc36d-bf86-4bbf-9beb-fe11b5d3ebb0', 'WHITELISTED');
insert into public.sellers (id, producer_id, seller_info_id, state) values ('c2758d4a-d6a0-4857-9463-5659e247a957', 'ea3832fd-800f-4531-a839-1544b7c4ef3b', '7a65eee1-7555-4497-9fbc-9fd93b6f55db', 'GREYLISTED');
insert into public.sellers (id, producer_id, seller_info_id, state) values ('90053996-8c7a-44b2-a07e-2a153184bfab', '7882de10-c31d-457d-8f14-434363a79c40', 'e825cbbc-cc83-4120-bcf7-5c5f6beaea40', 'BLACKLISTED');
insert into public.sellers (id, producer_id, seller_info_id, state) values ('115c86a4-bf32-4f8f-b442-ef687811f4b9', '0f4f0ea4-e369-4bc8-b343-3755da1222a3', 'e8351976-555b-48bf-8c26-f25da9fd0bd8', 'REGULAR');
insert into public.sellers (id, producer_id, seller_info_id, state) values ('cdfe9479-dc15-4c0a-87dc-f90ccad23732', 'b55903f6-9dc8-4af5-9465-fec362b7d9c1', '48b7df8c-77c0-4e00-9773-30d42653fcc2', 'REGULAR');
insert into public.sellers (id, producer_id, seller_info_id, state) values ('6cf828c3-9eb1-4d00-9a43-cebd617f6869', 'b01b1509-28b1-4266-bdca-83ba30a1ea39', '9564f7f1-c217-4b03-b251-25b1ee3571be', 'GREYLISTED');
insert into public.sellers (id, producer_id, seller_info_id, state) values ('a3de0c1a-e037-4f5a-b283-eeb7dca0b0cc', 'ea3832fd-800f-4531-a839-1544b7c4ef3b', '9713bc9b-a86f-4d54-92ed-c5f3bf1b80d5', 'GREYLISTED');
insert into public.sellers (id, producer_id, seller_info_id, state) values ('b53f90c6-edbf-48c8-b65c-1458c41f1565', '6a614b3a-cd85-49b7-b673-425bc8c2f99e', '5d39df20-56b6-45eb-8384-159543e6f921', 'GREYLISTED');
insert into public.sellers (id, producer_id, seller_info_id, state) values ('a51f9063-fea7-45a0-bbff-cad92eba305b', '760fe769-a51c-4140-965c-1f383d69eca1', '3ac71ee0-db40-44dd-851e-ca3a98f554c2', 'WHITELISTED');
insert into public.sellers (id, producer_id, seller_info_id, state) values ('86946c3c-7498-45ae-9690-7a57775f1a9b', '73d15f37-5cb3-4860-8410-c1c78d769121', 'ecd37e48-eb5e-41b9-807d-c6778477a445', 'BLACKLISTED');
insert into public.sellers (id, producer_id, seller_info_id, state) values ('b4b51830-411f-48e2-a6f7-3eb28a467f4d', 'a354ceca-aded-4bef-bac5-fc32d569a9f2', '5f63e2b5-4949-4f76-8450-3c8114f5ccb5', 'WHITELISTED');
insert into public.sellers (id, producer_id, seller_info_id, state) values ('6bb46b6c-1b45-4447-9e5e-acc8df919c57', 'd74a907f-21b0-4898-88e0-6796414e8e3c', 'f897c5dd-68a9-41f2-b05a-27d7cb7cd0da', 'GREYLISTED');
insert into public.sellers (id, producer_id, seller_info_id, state) values ('e5e26146-97c3-4d4a-a751-8dbd88aa3a4f', 'd6be6a06-11d6-42f2-a28f-dba9988afc30', 'ecd37e48-eb5e-41b9-807d-c6778477a445', 'GREYLISTED');
insert into public.sellers (id, producer_id, seller_info_id, state) values ('596b5252-dc60-4eb4-af82-29b985508f84', 'd70293c8-1512-46c4-8e3d-b48ff5055e1d', 'cd085242-92ef-4061-a598-bc49e7f98960', 'BLACKLISTED');
insert into public.sellers (id, producer_id, seller_info_id, state) values ('d6de3715-c764-49e1-b6b1-9aadb7f18778', '9b2ad672-9134-4f39-a794-1a549920157d', '641eea6d-dd48-4b2f-9d9c-79c9085b57e7', 'BLACKLISTED');
insert into public.sellers (id, producer_id, seller_info_id, state) values ('d56b04ea-77d3-4bc5-bd81-430db59d977a', '8597763e-2ea2-4ba5-9ce9-ffe514469f33', '32a8565d-d3b0-4fa6-a823-391e91278747', 'GREYLISTED');
insert into public.sellers (id, producer_id, seller_info_id, state) values ('f858fbd5-732d-490e-ac21-e0d2869eac76', 'db735839-af19-4f58-b6ca-01c6737e99a2', 'a13539e3-99ce-4db9-a1f5-8a2223a35cf6', 'BLACKLISTED');
insert into public.sellers (id, producer_id, seller_info_id, state) values ('1e2bf868-778d-492c-8fb2-de8bf6438ad6', 'fdc7836e-3e06-4aad-b1bf-ec9808fbf234', 'cd447fbe-08be-4b67-902f-2fedea664079', 'GREYLISTED');
insert into public.sellers (id, producer_id, seller_info_id, state) values ('00de09bc-b1f8-4ef3-b287-679e027927a7', 'c4b95742-15a9-4995-9dfe-ad4b7126547d', 'f59d5db3-c7ed-4ead-b82e-77e33603d151', 'REGULAR');
insert into public.sellers (id, producer_id, seller_info_id, state) values ('736eba30-26bc-44e4-b9c2-0e85f77b0b90', '887f6429-963c-479e-858c-1ada06bd224a', '9e4dd621-4d34-4db0-b03f-71525c544b5c', 'REGULAR');
insert into public.sellers (id, producer_id, seller_info_id, state) values ('3ca15cd5-0e4a-4413-a000-340933b076cd', 'ac7f2e45-f9be-4a98-bb8d-3553ab388b71', '561b693e-7c87-4f86-a5b4-a4007c607baf', 'GREYLISTED');
insert into public.sellers (id, producer_id, seller_info_id, state) values ('a1cc1c80-e846-4412-b4fc-5d840f4fda71', 'eb008e96-1a21-4e9e-b086-34d8dcae7323', 'c2e56770-8483-41db-99ec-410a50bdeea5', 'GREYLISTED');
insert into public.sellers (id, producer_id, seller_info_id, state) values ('ed98c190-7b02-4a58-b278-b8909cb4e5b9', '965d794c-add2-474c-ab06-d1e3fc805bc1', '1c28d573-8334-4967-9d4d-9942e6a5ad86', 'WHITELISTED');
insert into public.sellers (id, producer_id, seller_info_id, state) values ('adb8555a-d65b-499d-93c7-5cbde62805a4', '986cf9a9-987a-4f97-9254-4c2a001a0fd1', '350f91c5-8789-42ee-9a3a-132c2026341b', 'WHITELISTED');
insert into public.sellers (id, producer_id, seller_info_id, state) values ('22b53834-eed2-48c5-ae06-cd054a610d5c', '7f24f420-c952-488d-b937-006c36a916fd', '837a27e9-effe-4aab-8ad4-9bab78cf7d08', 'BLACKLISTED');
insert into public.sellers (id, producer_id, seller_info_id, state) values ('62eea34e-0566-4130-bcc0-8147c9e99359', '9c8fb574-7ed4-478e-bf00-90623ae58c6a', '2b8ec4a9-7e37-4c6c-a9fa-5467324a94ea', 'BLACKLISTED');
insert into public.sellers (id, producer_id, seller_info_id, state) values ('a403687b-09fb-4502-9fb6-4ba338c1fdad', '7f87e423-0415-4b81-9e93-f7a5ae613539', 'a9e5c985-c188-47d2-983e-38c35cc81389', 'WHITELISTED');
insert into public.sellers (id, producer_id, seller_info_id, state) values ('4cbee89a-b600-4bb9-a96f-40758a6ce6ac', 'c57fef97-2efe-450c-854b-70ec9cf0a6e0', '858c581f-6c53-44e2-9bc5-fa8c502b35b7', 'GREYLISTED');
insert into public.sellers (id, producer_id, seller_info_id, state) values ('7bc2f066-5a51-4798-b9c5-b24e8f32f6e5', '3a024f20-bc35-4df4-8e95-31a1d4d80f08', 'df132599-2f47-431d-ac6e-3a3d16d38d65', 'BLACKLISTED');
insert into public.sellers (id, producer_id, seller_info_id, state) values ('7dc6f3d1-663d-4b6c-98f6-617b325c4328', 'c4b95742-15a9-4995-9dfe-ad4b7126547d', '9e69a95c-958e-480c-98f0-79786a51e637', 'REGULAR');
insert into public.sellers (id, producer_id, seller_info_id, state) values ('86aa15ae-063a-4b3f-9d25-cb71531c8253', '9f562cd2-9038-4870-a088-ca006df610ce', 'a66ee03d-c816-49f0-a232-1770ba222503', 'WHITELISTED');
insert into public.sellers (id, producer_id, seller_info_id, state) values ('f05653ec-876f-4552-8c6e-b6325d0b72eb', '0fd39dd4-e081-45de-bfe7-5d28ecd44cf3', '8424ac39-9603-4058-ad4b-2e2b0cf9b103', 'GREYLISTED');
insert into public.sellers (id, producer_id, seller_info_id, state) values ('f1622910-5eb4-45b1-9555-cd326613779e', '7fd43926-86dc-41bc-9496-a057afbfe76b', '98ccc391-a6b5-4d67-ac10-a8f92afd8d5d', 'REGULAR');
insert into public.sellers (id, producer_id, seller_info_id, state) values ('da5c467e-5676-4368-a4fb-383efcaff784', '7882de10-c31d-457d-8f14-434363a79c40', '032e5d72-2bce-4eb2-afb7-ecb4b561ac11', 'GREYLISTED');
insert into public.sellers (id, producer_id, seller_info_id, state) values ('f2b3fee6-8eb0-4a67-a730-43481f48859d', '4d9493cb-bd98-49cf-9774-87f2559f6d69', 'fec13057-78d1-449f-bacd-152b97b4762e', 'WHITELISTED');
insert into public.sellers (id, producer_id, seller_info_id, state) values ('77eb568f-370b-43c6-a702-361fdfb48f48', '760fe769-a51c-4140-965c-1f383d69eca1', '1c28d573-8334-4967-9d4d-9942e6a5ad86', 'BLACKLISTED');
insert into public.sellers (id, producer_id, seller_info_id, state) values ('620cc384-42a7-48e5-bd22-34a1cfafc107', 'c472ce72-9508-4ac0-bf53-fc290dc7fa85', '7ca81887-5d6a-4f17-9717-c77e17130236', 'GREYLISTED');
insert into public.sellers (id, producer_id, seller_info_id, state) values ('3213a778-fa9a-4030-affe-676389341133', '43eb75ce-affe-4b27-a4a5-b2883e0d189a', 'd5cde7ca-252b-416e-bba4-66891d7a170c', 'WHITELISTED');
insert into public.sellers (id, producer_id, seller_info_id, state) values ('6c0c1665-b233-4e7f-8ce1-c904af14325e', '045f4b34-c98a-4f50-bf7b-00120e04f584', '69ecaebe-5a55-48a7-859b-9eab97e6e3c2', 'BLACKLISTED');
insert into public.sellers (id, producer_id, seller_info_id, state) values ('7db31f16-89ca-472c-839e-05f947b13cc3', '986cf9a9-987a-4f97-9254-4c2a001a0fd1', 'a9e5c985-c188-47d2-983e-38c35cc81389', 'GREYLISTED');
insert into public.sellers (id, producer_id, seller_info_id, state) values ('00450c46-5a79-4555-bcf8-9001733acfc6', '6a807f10-d51c-4718-9d7d-d48e80e5dde0', 'cd447fbe-08be-4b67-902f-2fedea664079', 'WHITELISTED');
insert into public.sellers (id, producer_id, seller_info_id, state) values ('bddc7fa3-4e9f-40d2-8827-de6e8b9f5c2b', '8597763e-2ea2-4ba5-9ce9-ffe514469f33', 'f55c9201-2573-462b-a7e7-cf48e75d435f', 'BLACKLISTED');
insert into public.sellers (id, producer_id, seller_info_id, state) values ('98bcc54f-fd0a-4e0e-ad0f-0cdc2a3b1fdf', '70fa3018-3e82-4884-93e1-bf6bd9e2c5a3', '5d58c736-7025-41a8-aae4-e72a1afff2c1', 'GREYLISTED');
insert into public.sellers (id, producer_id, seller_info_id, state) values ('0a8a5492-e610-4ca8-88a1-6af838bcae6e', '8e0835e1-ad2e-4e89-9bd4-869f5d1597e2', 'e1cc2dc3-e9ec-425d-bc4e-c8ccd79b8f50', 'WHITELISTED');
insert into public.sellers (id, producer_id, seller_info_id, state) values ('73f07dd5-a628-4677-892f-cad5d8d3e708', 'a4be97f9-67a6-4512-9322-1b6e204ed498', '5d58c736-7025-41a8-aae4-e72a1afff2c1', 'BLACKLISTED');
insert into public.sellers (id, producer_id, seller_info_id, state) values ('a28ec08c-e135-49c6-8d3d-30686a5f8c28', 'eb008e96-1a21-4e9e-b086-34d8dcae7323', '7b27e681-c36f-49e8-9be2-ed1e0872f820', 'WHITELISTED');
insert into public.sellers (id, producer_id, seller_info_id, state) values ('352a1a9d-c8a7-4efe-8b9c-933d757fe637', 'fb4a712c-9f15-4b8a-a844-d9b84fe88aa9', '032e5d72-2bce-4eb2-afb7-ecb4b561ac11', 'WHITELISTED');
insert into public.sellers (id, producer_id, seller_info_id, state) values ('bdefeffc-7bf8-4eb9-88d4-9bcc544ce116', 'b07c65f9-b562-41ea-b177-e205abe93275', '41e95894-7b80-4f1b-b286-f4bb59c369e7', 'GREYLISTED');
insert into public.sellers (id, producer_id, seller_info_id, state) values ('594d4d08-1925-475f-843d-c21c15b51c61', 'd70293c8-1512-46c4-8e3d-b48ff5055e1d', 'ec80ce05-58ff-4f6b-ae09-7b64d721597b', 'REGULAR');
insert into public.sellers (id, producer_id, seller_info_id, state) values ('52afd832-c055-4264-9920-d7973a8c3733', 'd74a907f-21b0-4898-88e0-6796414e8e3c', '33d4d54f-3354-4c9d-b86a-49123d8dc90a', 'BLACKLISTED');
insert into public.sellers (id, producer_id, seller_info_id, state) values ('cfd10283-b240-4c1b-9338-e6a7915f2664', '5771ba06-a4be-43bd-8ef7-d11107a41374', '63f2e083-9984-46ed-8b7d-54f63d768b0d', 'GREYLISTED');
insert into public.sellers (id, producer_id, seller_info_id, state) values ('fd96e331-bdeb-4b69-9804-8b51763b52ad', 'b01b1509-28b1-4266-bdca-83ba30a1ea39', 'e106d528-a6bb-494d-99fc-38000e81a6e6', 'REGULAR');
insert into public.sellers (id, producer_id, seller_info_id, state) values ('3bed2029-f748-40d7-89ce-b60c1c458ce5', 'fde190c3-3ec9-4981-af3d-4ab8c5e203fa', '48b7df8c-77c0-4e00-9773-30d42653fcc2', 'GREYLISTED');
insert into public.sellers (id, producer_id, seller_info_id, state) values ('7f8dac0f-db1c-45c1-a045-a85feccf0962', 'fb4a712c-9f15-4b8a-a844-d9b84fe88aa9', '7ca81887-5d6a-4f17-9717-c77e17130236', 'BLACKLISTED');
insert into public.sellers (id, producer_id, seller_info_id, state) values ('0f3567b5-1366-4537-a75f-68c25c7bbc3e', '5c3e2dd2-a96b-4d43-86bd-84903d1e2160', '5d39df20-56b6-45eb-8384-159543e6f921', 'GREYLISTED');
insert into public.sellers (id, producer_id, seller_info_id, state) values ('ff203fdc-1ef3-45e3-b3bb-6e9ead839b10', '7b610001-f291-49c2-95a2-7b40a712e34f', 'ea3a9cb3-9931-4519-bccd-091b3c9eb32c', 'REGULAR');
insert into public.sellers (id, producer_id, seller_info_id, state) values ('265f0664-d892-4fad-aaf6-fcb1d5264298', 'bfb5b00e-dc89-44d6-889f-00b5424d1e12', '5e1e06ff-b413-463f-b4b0-4b313df392b2', 'BLACKLISTED');
insert into public.sellers (id, producer_id, seller_info_id, state) values ('3696f6c8-c120-4e4f-a156-34163731d550', '6a807f10-d51c-4718-9d7d-d48e80e5dde0', 'e1966fbf-fd29-45ee-a13d-4372f5291f6d', 'BLACKLISTED');
insert into public.sellers (id, producer_id, seller_info_id, state) values ('440170f9-a4f6-4669-b25a-9c796ea0223e', 'de4cdbba-9832-42b7-9294-dbbda71fc5fa', '41e95894-7b80-4f1b-b286-f4bb59c369e7', 'BLACKLISTED');
insert into public.sellers (id, producer_id, seller_info_id, state) values ('3dfbab2f-46c4-46eb-af0e-e431ece29a41', '671b3aea-5f17-4f09-a7bf-6fbece79e7ad', 'ecd37e48-eb5e-41b9-807d-c6778477a445', 'GREYLISTED');
insert into public.sellers (id, producer_id, seller_info_id, state) values ('822a6485-c3b9-4cae-90b2-96a422da8065', '8e78e024-37e4-47ce-a34b-748aa5198616', 'c4d5148a-dd7f-4729-a7f6-0acaf92a79bd', 'REGULAR');
insert into public.sellers (id, producer_id, seller_info_id, state) values ('59876234-a7fa-4f18-84a5-c202125a3906', 'a4be97f9-67a6-4512-9322-1b6e204ed498', '8a273809-3aa8-4316-aa68-b56fd255ca60', 'BLACKLISTED');
insert into public.sellers (id, producer_id, seller_info_id, state) values ('a040eb9e-6a56-4f71-83f3-535f50812a18', '16f339b2-2446-4649-be25-dbb27c476f06', 'cf5c9530-8ed7-4ba7-a9af-7250b6dc0406', 'BLACKLISTED');
insert into public.sellers (id, producer_id, seller_info_id, state) values ('ea835dae-705c-4828-b5b6-77dec0a876df', 'e7724b7e-2f82-4397-bbe3-471aaaef54b7', '84a96cf8-b487-469c-9e7d-af7b77860827', 'WHITELISTED');
insert into public.sellers (id, producer_id, seller_info_id, state) values ('51c38691-f6c5-481b-be83-3c92310adda2', '9f562cd2-9038-4870-a088-ca006df610ce', '268dc9d8-2ce9-46fb-9ad5-33dcf050118d', 'REGULAR');
insert into public.sellers (id, producer_id, seller_info_id, state) values ('f7d439bd-878b-42a5-8f6b-2c0d28101484', 'eb683198-138c-4111-ab06-3e0df85beef4', '7287f26f-506d-409a-acc0-e41864f4bc9c', 'BLACKLISTED');
insert into public.sellers (id, producer_id, seller_info_id, state) values ('014caf46-2fa5-48fb-a35f-ee3f73983421', '1308656c-de6d-432b-8d1b-4e7638fe8e39', 'f55c9201-2573-462b-a7e7-cf48e75d435f', 'BLACKLISTED');
insert into public.sellers (id, producer_id, seller_info_id, state) values ('18cebd72-b5b2-4e5d-9fac-c2e9b762d073', '7f87e423-0415-4b81-9e93-f7a5ae613539', 'e6dfae20-3ec9-4069-8fbf-afad3f43cb54', 'GREYLISTED');
insert into public.sellers (id, producer_id, seller_info_id, state) values ('5df72282-e9f3-48f3-a3e7-af04a1a6e488', '4afa9e02-9f2c-48ac-9c46-611cfa339603', '32a8565d-d3b0-4fa6-a823-391e91278747', 'WHITELISTED');
insert into public.sellers (id, producer_id, seller_info_id, state) values ('ed221b5a-ff18-4dc0-8346-e7be21bcd40c', '9438ad21-0c26-4d85-8c24-4aa22b8ca18f', 'b53ac80a-2330-4998-b436-3f54b642bdd9', 'BLACKLISTED');
insert into public.sellers (id, producer_id, seller_info_id, state) values ('f0c01af9-00ba-4499-864a-fc06563f7130', '91a00b9d-870d-48cf-9d6c-086e364caa31', '36d87ced-c888-49ba-9690-0e6856977a2c', 'BLACKLISTED');
insert into public.sellers (id, producer_id, seller_info_id, state) values ('4f7ce042-646a-40e5-bbd2-5326cdd840a3', '0fd39dd4-e081-45de-bfe7-5d28ecd44cf3', 'f7f2ebbe-c1c9-46cf-bb9c-1809c5d5978e', 'GREYLISTED');
insert into public.sellers (id, producer_id, seller_info_id, state) values ('30a085de-c205-4929-be2a-71b17e9603cf', 'e7195bfc-fde7-4e95-8e9c-2d1e63f51d66', '15799759-be97-4b0c-9b2b-6ff55908fe9e', 'WHITELISTED');
insert into public.sellers (id, producer_id, seller_info_id, state) values ('8bc563a8-9f65-4d8f-af21-9645c7287b2c', '70fa3018-3e82-4884-93e1-bf6bd9e2c5a3', '7a65eee1-7555-4497-9fbc-9fd93b6f55db', 'BLACKLISTED');
insert into public.sellers (id, producer_id, seller_info_id, state) values ('ea08db20-56ba-4ab3-8e39-220adf57d8f7', 'b6543870-79fa-4286-b1b8-2491c35b1687', '2a0d2578-fda9-4fe2-8a51-436681853e60', 'WHITELISTED');
insert into public.sellers (id, producer_id, seller_info_id, state) values ('f673b817-7a91-4fc7-af37-33268bd454a6', '0f4f0ea4-e369-4bc8-b343-3755da1222a3', '3558c543-3b44-4de0-b527-771ba934822a', 'REGULAR');
insert into public.sellers (id, producer_id, seller_info_id, state) values ('8bf56a26-b31f-4aa4-9f2b-75fc9db57684', '0e4a352d-8355-4d6e-a846-58d983416367', '1deab9cb-6272-4c97-bb98-e6e6ff67518a', 'GREYLISTED');
insert into public.sellers (id, producer_id, seller_info_id, state) values ('aaece1e5-65fe-434e-9ddb-087bd1b9747c', '0f4f0ea4-e369-4bc8-b343-3755da1222a3', 'a9e5c985-c188-47d2-983e-38c35cc81389', 'GREYLISTED');
insert into public.sellers (id, producer_id, seller_info_id, state) values ('2c6d459b-9f98-4e4e-80ec-f919f5417cb3', 'b7b837e6-aaa3-4142-be76-c957a60d2bbd', '38814b76-e229-414e-b3f6-66b6794acf1c', 'BLACKLISTED');
insert into public.sellers (id, producer_id, seller_info_id, state) values ('e2b854b1-a43c-4b03-b6a9-ecf78d0f26bf', 'c4b95742-15a9-4995-9dfe-ad4b7126547d', '1a7f722b-62cf-43e4-a0b1-c7db0235537b', 'WHITELISTED');
insert into public.sellers (id, producer_id, seller_info_id, state) values ('809903bf-23ae-43a4-9a63-a6194c205de5', '0297dd2a-54bc-4481-8e94-a52a136d235d', '607055b1-c10b-4976-a4bd-8e741b7908b0', 'GREYLISTED');
insert into public.sellers (id, producer_id, seller_info_id, state) values ('1d3e1231-2863-4962-be4f-ca21082e1b35', '7f24f420-c952-488d-b937-006c36a916fd', '5263d347-67bb-43f9-bd53-97cc1935ec38', 'GREYLISTED');
insert into public.sellers (id, producer_id, seller_info_id, state) values ('930d1f0b-d91f-4187-95dc-ff65d36a099b', 'd6be6a06-11d6-42f2-a28f-dba9988afc30', '9ce8707e-d5f8-4bd1-b2c6-6fa24454f6d5', 'BLACKLISTED');
insert into public.sellers (id, producer_id, seller_info_id, state) values ('50941e74-bbb2-49ca-b980-5587ada73faf', '9438ad21-0c26-4d85-8c24-4aa22b8ca18f', 'dfb2981e-6179-44cd-9985-ca299b697f3e', 'GREYLISTED');
insert into public.sellers (id, producer_id, seller_info_id, state) values ('6795a7c0-6601-4ca4-9125-a5b6775b4df4', 'd6be6a06-11d6-42f2-a28f-dba9988afc30', '622bda8a-5348-4650-812c-a615a25a7055', 'GREYLISTED');
insert into public.sellers (id, producer_id, seller_info_id, state) values ('4378c3b7-7ac5-4269-b6fe-e108f98cb705', '29ea6cda-d5d7-47d7-bb99-310a426fc111', 'acdf1c8c-338e-4f05-b6a7-9e390ae547f9', 'BLACKLISTED');
insert into public.sellers (id, producer_id, seller_info_id, state) values ('37e29a46-121b-45dd-9d69-ae97770e1720', '645399d7-d70a-4599-872e-b2a9b4d4925e', '41bbf981-8855-48ef-a023-801cce2c48c5', 'BLACKLISTED');
insert into public.sellers (id, producer_id, seller_info_id, state) values ('7d20b243-ae7a-4ea5-8fbc-5aebdcd43225', '6a36ba26-a6a8-461e-98d9-5b5bc400d819', 'a9cc800e-cd4e-40ee-b587-8c5c2835b09f', 'GREYLISTED');
insert into public.sellers (id, producer_id, seller_info_id, state) values ('ef527452-b99d-412b-8382-493f1de4eb5c', 'c472ce72-9508-4ac0-bf53-fc290dc7fa85', 'e6dfae20-3ec9-4069-8fbf-afad3f43cb54', 'REGULAR');
insert into public.sellers (id, producer_id, seller_info_id, state) values ('07ff78c9-ddac-4852-8e59-9c2efc6608ec', 'd7631166-1f6f-4105-99a6-bc1a06301074', '0b184d5f-736a-4acd-8ba4-5dbe12e33d22', 'REGULAR');
insert into public.sellers (id, producer_id, seller_info_id, state) values ('cb815dfe-7b81-43e0-b7c1-7758e8955703', 'ac7f2e45-f9be-4a98-bb8d-3553ab388b71', '58358323-eb50-4ca9-81e8-47cd659e0f17', 'REGULAR');
insert into public.sellers (id, producer_id, seller_info_id, state) values ('3868c846-ea4a-4410-99e4-561b1d8fea71', 'a3337e40-d210-4ce5-bb74-dd3cad2dc6c3', '33d4d54f-3354-4c9d-b86a-49123d8dc90a', 'WHITELISTED');
insert into public.sellers (id, producer_id, seller_info_id, state) values ('54fa320f-9db1-41bd-a450-bdddbfdbe88b', 'a30c7f43-00a6-4009-a01c-3c0fe501b2da', '5b4cb748-fc12-465e-ad3f-ea8dc75ec687', 'REGULAR');
insert into public.sellers (id, producer_id, seller_info_id, state) values ('09ceeb65-57c6-4f07-a551-5579bbe31ca7', 'd7631166-1f6f-4105-99a6-bc1a06301074', 'f7f2ebbe-c1c9-46cf-bb9c-1809c5d5978e', 'GREYLISTED');
insert into public.sellers (id, producer_id, seller_info_id, state) values ('c36a7da7-9a5c-48dc-a826-94a02db8cb5a', '1b5e318a-0ea2-4723-8006-56cf157ebd0a', '9bbfccc7-209e-4939-a060-65ce95f3b043', 'GREYLISTED');
insert into public.sellers (id, producer_id, seller_info_id, state) values ('d6763605-bf75-460d-9302-03ef939b0372', 'a3337e40-d210-4ce5-bb74-dd3cad2dc6c3', '1c28d573-8334-4967-9d4d-9942e6a5ad86', 'REGULAR');
insert into public.sellers (id, producer_id, seller_info_id, state) values ('a55b5788-c461-4e8a-8c48-72a75a06aef9', '0807e6ad-26be-42fe-8dcf-d41702ae42b0', 'e6dfae20-3ec9-4069-8fbf-afad3f43cb54', 'WHITELISTED');
insert into public.sellers (id, producer_id, seller_info_id, state) values ('846b1a8e-6175-41a0-9cd4-3d8056a5cd1d', '9f562cd2-9038-4870-a088-ca006df610ce', 'c60ccd8a-484f-405f-90f0-82de25de382a', 'BLACKLISTED');
insert into public.sellers (id, producer_id, seller_info_id, state) values ('e050da73-cb14-4ba8-bcc3-6d855ed31599', 'ee7feca9-e85f-4f25-ae60-f41f3787f3e7', 'a13539e3-99ce-4db9-a1f5-8a2223a35cf6', 'GREYLISTED');
insert into public.sellers (id, producer_id, seller_info_id, state) values ('85cf4323-7b6c-4496-aac8-20d7fc09eb81', '91a00b9d-870d-48cf-9d6c-086e364caa31', 'ca3f3cff-533b-4f15-b2c2-2373717b0894', 'GREYLISTED');
insert into public.sellers (id, producer_id, seller_info_id, state) values ('bb0754cc-2c2d-4140-83e8-1f8a77e366a2', '29ea6cda-d5d7-47d7-bb99-310a426fc111', '7941ce45-a42f-4d6f-99bb-b0e9d51bec25', 'WHITELISTED');
insert into public.sellers (id, producer_id, seller_info_id, state) values ('32039d7e-ba94-4186-8fd8-6215e354bb23', 'de5087b2-7ed2-4cd4-a62e-db9b4291c87d', '36d87ced-c888-49ba-9690-0e6856977a2c', 'BLACKLISTED');
insert into public.sellers (id, producer_id, seller_info_id, state) values ('d607da8c-904b-496b-b8f4-794c17f6a742', 'de5087b2-7ed2-4cd4-a62e-db9b4291c87d', 'd72b3eca-e82f-4072-bd6f-90455d940daa', 'BLACKLISTED');
insert into public.sellers (id, producer_id, seller_info_id, state) values ('4031f94e-353d-4312-abfa-eb50aacf476f', 'd70293c8-1512-46c4-8e3d-b48ff5055e1d', '9dcd74e9-3ecf-46de-a8dc-3f1cdb9cd98d', 'REGULAR');
insert into public.sellers (id, producer_id, seller_info_id, state) values ('59fca371-833e-4512-9aec-ad0618ea1a14', 'd6be6a06-11d6-42f2-a28f-dba9988afc30', '430e6810-415e-4a89-bb7c-fa7bdfc9ec6a', 'REGULAR');
insert into public.sellers (id, producer_id, seller_info_id, state) values ('4d053bbe-be87-4417-a2df-b1c4a870a373', 'c4b95742-15a9-4995-9dfe-ad4b7126547d', 'e7c79fe4-e544-4869-871b-ebebeacddb47', 'GREYLISTED');
insert into public.sellers (id, producer_id, seller_info_id, state) values ('34d4aa87-8024-4715-b8dc-9990daff8d33', 'dc16255a-5eac-4102-a054-efe17014954d', '51637a29-01c3-4ffa-8e37-b2affd103f03', 'WHITELISTED');
insert into public.sellers (id, producer_id, seller_info_id, state) values ('03fc1d06-2928-4034-939e-c96e7897c4c6', '4d9493cb-bd98-49cf-9774-87f2559f6d69', '537a6f02-7636-427f-aa25-87746c298f2b', 'GREYLISTED');
insert into public.sellers (id, producer_id, seller_info_id, state) values ('7c65a8f7-2ebe-4629-b1e8-418c07f420a7', '6a614b3a-cd85-49b7-b673-425bc8c2f99e', 'b6512f0e-c909-439d-bb77-b09f40d9c4ef', 'BLACKLISTED');
insert into public.sellers (id, producer_id, seller_info_id, state) values ('5bba3b62-8b96-4e56-ac58-88ddb8ceffe2', '8e78e024-37e4-47ce-a34b-748aa5198616', 'e825cbbc-cc83-4120-bcf7-5c5f6beaea40', 'REGULAR');
insert into public.sellers (id, producer_id, seller_info_id, state) values ('203b8599-96e0-44ca-ad63-ff093d87130c', '1b5e318a-0ea2-4723-8006-56cf157ebd0a', 'f9d5860a-96cc-4d09-98be-c4824cd81243', 'REGULAR');
insert into public.sellers (id, producer_id, seller_info_id, state) values ('cf9d89ad-5e2b-49f2-b2b0-2574f375a085', 'afd54bb1-3fac-408a-adcb-e9d01a7d54ae', 'bd98b5ba-3a74-44c0-961e-7b02f1a879bb', 'BLACKLISTED');
insert into public.sellers (id, producer_id, seller_info_id, state) values ('f3ca0a8b-4bb0-4306-8650-5fc4f8513d2f', '4afa9e02-9f2c-48ac-9c46-611cfa339603', 'ec19b55e-94ac-4f78-82b8-5071362d71cc', 'WHITELISTED');
insert into public.sellers (id, producer_id, seller_info_id, state) values ('59a054e1-8fc8-4541-a359-67ac8102f619', '1308656c-de6d-432b-8d1b-4e7638fe8e39', '60937221-01ae-4fdd-8aae-a33f426d593f', 'WHITELISTED');
insert into public.sellers (id, producer_id, seller_info_id, state) values ('8ab496eb-fd34-46a8-9794-b9ef936ce131', '29ea6cda-d5d7-47d7-bb99-310a426fc111', '6437b9b3-e838-4ff9-bcd8-3be1cf5f49fe', 'GREYLISTED');
insert into public.sellers (id, producer_id, seller_info_id, state) values ('304f213b-e835-49ee-9456-8813dca20884', 'de4cdbba-9832-42b7-9294-dbbda71fc5fa', '60937221-01ae-4fdd-8aae-a33f426d593f', 'REGULAR');
insert into public.sellers (id, producer_id, seller_info_id, state) values ('c750cee9-2cbe-4cf9-9933-9b6e9417306c', '760fe769-a51c-4140-965c-1f383d69eca1', 'c4d5148a-dd7f-4729-a7f6-0acaf92a79bd', 'BLACKLISTED');
insert into public.sellers (id, producer_id, seller_info_id, state) values ('16effb51-18e0-451c-be71-f5423aa52b27', '6bc074a8-27cb-4864-a074-7a851b429601', '648c6a9c-2166-4890-bb2c-df107f4e9310', 'BLACKLISTED');
insert into public.sellers (id, producer_id, seller_info_id, state) values ('fa213acf-3ec2-4591-9b5b-47dd2166c2d1', '4afa9e02-9f2c-48ac-9c46-611cfa339603', '9564f7f1-c217-4b03-b251-25b1ee3571be', 'GREYLISTED');
insert into public.sellers (id, producer_id, seller_info_id, state) values ('5792ec7b-2ce3-46a7-bc2f-898ed524b33c', '5132f722-fb8d-4e4a-aec8-fde5fc79e3cb', '3558c543-3b44-4de0-b527-771ba934822a', 'BLACKLISTED');
insert into public.sellers (id, producer_id, seller_info_id, state) values ('16ee39a3-159d-41cc-b06d-b2eba4c29c38', 'a4be97f9-67a6-4512-9322-1b6e204ed498', 'e411a85e-93fd-4b8e-90ce-28125354d4ae', 'BLACKLISTED');
insert into public.sellers (id, producer_id, seller_info_id, state) values ('db6be64d-b41f-4935-8bf0-034cbdee2794', '9b2ad672-9134-4f39-a794-1a549920157d', '83557f65-9e1b-4ee1-872e-653b958fdc0b', 'WHITELISTED');
insert into public.sellers (id, producer_id, seller_info_id, state) values ('cfe1cf42-9539-43bf-93fc-73923f5cbcdc', '1308656c-de6d-432b-8d1b-4e7638fe8e39', '837a27e9-effe-4aab-8ad4-9bab78cf7d08', 'BLACKLISTED');
insert into public.sellers (id, producer_id, seller_info_id, state) values ('00adcb8a-33c5-4f76-be0c-e98e60c664aa', '8e0835e1-ad2e-4e89-9bd4-869f5d1597e2', '7da1cf84-44c0-4a83-bf7b-56d8e94948ae', 'WHITELISTED');
insert into public.sellers (id, producer_id, seller_info_id, state) values ('e519adf8-3963-4fa1-8f9c-e038a59f6102', '6a807f10-d51c-4718-9d7d-d48e80e5dde0', 'a13539e3-99ce-4db9-a1f5-8a2223a35cf6', 'REGULAR');
insert into public.sellers (id, producer_id, seller_info_id, state) values ('dfc41ee7-728b-4b4b-b440-67bcf32f0c11', 'e836004d-c8ea-4c0f-83dc-96671d600c9d', 'f55c9201-2573-462b-a7e7-cf48e75d435f', 'GREYLISTED');
insert into public.sellers (id, producer_id, seller_info_id, state) values ('e75b853b-3658-4a31-a11d-22d040591783', '7f24f420-c952-488d-b937-006c36a916fd', 'e8351976-555b-48bf-8c26-f25da9fd0bd8', 'WHITELISTED');
insert into public.sellers (id, producer_id, seller_info_id, state) values ('3ccf0a09-8d74-4dd1-b42c-dd5c85683120', '9c8fb574-7ed4-478e-bf00-90623ae58c6a', 'f589de2e-6f5e-4104-80ed-59c054ed8f39', 'WHITELISTED');
insert into public.sellers (id, producer_id, seller_info_id, state) values ('267432dd-3af4-412b-9b9c-e544403996b8', 'fde190c3-3ec9-4981-af3d-4ab8c5e203fa', 'a6dc3116-a9e2-40bc-af5c-fa0478e28ec9', 'GREYLISTED');
insert into public.sellers (id, producer_id, seller_info_id, state) values ('845b411f-82fd-4959-9b8b-6fe718427fed', '5771ba06-a4be-43bd-8ef7-d11107a41374', 'e9e2ac2d-6aba-499d-a7d9-4400b1553e39', 'WHITELISTED');
insert into public.sellers (id, producer_id, seller_info_id, state) values ('0f0ee845-1905-458d-b06a-e9295e33b3ec', 'dc16255a-5eac-4102-a054-efe17014954d', 'ecd37e48-eb5e-41b9-807d-c6778477a445', 'BLACKLISTED');
insert into public.sellers (id, producer_id, seller_info_id, state) values ('1773b3bf-9d5a-460f-ba41-ac34d61c16b3', '6a36ba26-a6a8-461e-98d9-5b5bc400d819', '25468bcd-33a4-4244-aa10-ce7cf85d5e27', 'WHITELISTED');
insert into public.sellers (id, producer_id, seller_info_id, state) values ('571c0e47-133f-4b1a-8baf-aec1460c23c1', 'a354ceca-aded-4bef-bac5-fc32d569a9f2', '74165d04-1c97-46cd-a0fd-0c2d40aa0ffe', 'REGULAR');
insert into public.sellers (id, producer_id, seller_info_id, state) values ('5441c20f-f50e-4a72-8334-581d11bb2c6e', '73d15f37-5cb3-4860-8410-c1c78d769121', '65d44dd8-b3a0-418b-b71a-56891077fdbc', 'BLACKLISTED');
insert into public.sellers (id, producer_id, seller_info_id, state) values ('0b4ee06d-8e2b-44f6-ae5b-179911394e49', '43eb75ce-affe-4b27-a4a5-b2883e0d189a', 'e6dfae20-3ec9-4069-8fbf-afad3f43cb54', 'WHITELISTED');
insert into public.sellers (id, producer_id, seller_info_id, state) values ('d33683ff-c3b0-442b-8990-00391ddec977', 'b55903f6-9dc8-4af5-9465-fec362b7d9c1', '086bd35c-cdc0-4030-8904-3daaf38aecb4', 'WHITELISTED');
insert into public.sellers (id, producer_id, seller_info_id, state) values ('6afc5cd5-c538-46d5-89ea-547b0d5289e7', 'cbb881e2-1663-41e8-89bc-5f59da6f0859', '69ecaebe-5a55-48a7-859b-9eab97e6e3c2', 'BLACKLISTED');
insert into public.sellers (id, producer_id, seller_info_id, state) values ('38d06d6b-9db7-405f-b45c-2c2ce39f3f42', '9b2ad672-9134-4f39-a794-1a549920157d', 'c85fbfc6-0cf2-42c8-a7bb-00e8eb8532e7', 'WHITELISTED');
insert into public.sellers (id, producer_id, seller_info_id, state) values ('8cee1870-1d9b-43ce-bc46-ef51bd15fb6d', '5771ba06-a4be-43bd-8ef7-d11107a41374', '0e4fa79b-83f8-47b9-a8b6-8a7dc384ba5f', 'WHITELISTED');
insert into public.sellers (id, producer_id, seller_info_id, state) values ('217cf3e1-112f-4049-988c-a97325ed20f3', '70fa3018-3e82-4884-93e1-bf6bd9e2c5a3', 'f7f2ebbe-c1c9-46cf-bb9c-1809c5d5978e', 'GREYLISTED');
insert into public.sellers (id, producer_id, seller_info_id, state) values ('8e81ed7e-f650-45c6-a3b3-e24b7655f4ff', '9b2ad672-9134-4f39-a794-1a549920157d', '2e08526c-9d7c-4ec0-a373-f94858e604b3', 'WHITELISTED');
insert into public.sellers (id, producer_id, seller_info_id, state) values ('f0c8e9a0-dd97-4996-9215-fa314ac08c51', '3742bfcf-af35-4911-a145-618c6b071fdc', '41bbf981-8855-48ef-a023-801cce2c48c5', 'REGULAR');
insert into public.sellers (id, producer_id, seller_info_id, state) values ('89566859-cdd2-444a-8ca8-80ba06dcf948', 'cbb881e2-1663-41e8-89bc-5f59da6f0859', '537a6f02-7636-427f-aa25-87746c298f2b', 'GREYLISTED');
insert into public.sellers (id, producer_id, seller_info_id, state) values ('45487563-f294-4bca-b846-497cfd53b1da', 'd74a907f-21b0-4898-88e0-6796414e8e3c', 'de4dbaa9-1bef-43ee-a8fe-0d15c1cf5be9', 'WHITELISTED');
insert into public.sellers (id, producer_id, seller_info_id, state) values ('c18d4cbf-5497-46a9-81e1-46ad50ff0bb8', '9438ad21-0c26-4d85-8c24-4aa22b8ca18f', 'd1e9ba58-750f-49ec-a2a8-7fd6a1b65a8e', 'GREYLISTED');
insert into public.sellers (id, producer_id, seller_info_id, state) values ('1dc0e021-1849-480d-9200-25dee3449f66', '91a00b9d-870d-48cf-9d6c-086e364caa31', 'ff41deda-2b65-4b1c-a02f-9369f089ff53', 'BLACKLISTED');
insert into public.sellers (id, producer_id, seller_info_id, state) values ('9636d8be-eeab-4d18-9588-fb4b81ef7a13', 'd74a907f-21b0-4898-88e0-6796414e8e3c', 'a66ee03d-c816-49f0-a232-1770ba222503', 'WHITELISTED');
insert into public.sellers (id, producer_id, seller_info_id, state) values ('f6de894b-ec93-48b5-b0f1-1a7fdb37026d', 'ac7f2e45-f9be-4a98-bb8d-3553ab388b71', '994db43e-2682-4eca-b699-463ccc5d9811', 'GREYLISTED');
insert into public.sellers (id, producer_id, seller_info_id, state) values ('0836f8fb-4653-4b5f-abe5-464603fceea2', '887f6429-963c-479e-858c-1ada06bd224a', '4feeeeab-1c7b-41b6-8f52-5db9c34cc545', 'BLACKLISTED');
insert into public.sellers (id, producer_id, seller_info_id, state) values ('3d2980ce-7c47-4bbe-8fa9-cb7a114b1341', 'e7195bfc-fde7-4e95-8e9c-2d1e63f51d66', 'e106d528-a6bb-494d-99fc-38000e81a6e6', 'GREYLISTED');
insert into public.sellers (id, producer_id, seller_info_id, state) values ('0846738b-f1ec-4cf2-9672-602ce4f7128c', '6a614b3a-cd85-49b7-b673-425bc8c2f99e', 'cfd4edb2-7fc3-4634-a514-d04411a38bdf', 'REGULAR');
insert into public.sellers (id, producer_id, seller_info_id, state) values ('c1e532f6-dfc5-40da-ab32-4624b3f3eb72', 'bfb5b00e-dc89-44d6-889f-00b5424d1e12', '9713bc9b-a86f-4d54-92ed-c5f3bf1b80d5', 'BLACKLISTED');
insert into public.sellers (id, producer_id, seller_info_id, state) values ('a3a758f7-4edc-436d-9317-d6d9c658922e', '77871b6d-23b5-417b-95fc-de2052b9d73d', '5263d347-67bb-43f9-bd53-97cc1935ec38', 'WHITELISTED');
insert into public.sellers (id, producer_id, seller_info_id, state) values ('6dc38407-0c81-4d5f-a41b-de9de1d018f9', '5771ba06-a4be-43bd-8ef7-d11107a41374', '319b4125-6b47-411d-a765-bdb1b4655b29', 'REGULAR');
insert into public.sellers (id, producer_id, seller_info_id, state) values ('7504ba8d-6e1d-483a-9457-603a91d64f2a', 'f4e7f3ee-13f5-45f4-809b-3cbe895b4cb7', '86b18420-dbd1-4959-aa1f-54c10f771f86', 'BLACKLISTED');
insert into public.sellers (id, producer_id, seller_info_id, state) values ('cae58738-8999-4df2-a695-cc1df1a31fbd', '0807e6ad-26be-42fe-8dcf-d41702ae42b0', 'e37f7db8-194d-48a0-abca-3ea34aa77ddf', 'BLACKLISTED');
insert into public.sellers (id, producer_id, seller_info_id, state) values ('01e38a9a-38e2-4808-bd6b-6ef57213fe81', '9237e2d3-5942-446c-88f8-e55198f51395', '6437b9b3-e838-4ff9-bcd8-3be1cf5f49fe', 'REGULAR');
insert into public.sellers (id, producer_id, seller_info_id, state) values ('89b13dac-55b9-4eca-b3e3-908ae4827c73', '43eb75ce-affe-4b27-a4a5-b2883e0d189a', '7b27e681-c36f-49e8-9be2-ed1e0872f820', 'WHITELISTED');
insert into public.sellers (id, producer_id, seller_info_id, state) values ('b79c4a5a-a219-4236-aef7-2686be63efd6', 'f559083e-0fd7-4658-8d45-c76c7f59ed07', '5b178eb3-eb9b-4267-bcba-8b43b28343ae', 'REGULAR');
insert into public.sellers (id, producer_id, seller_info_id, state) values ('3a1a4cc6-2453-4d5b-8dd0-6c881c0d9bce', '29ea6cda-d5d7-47d7-bb99-310a426fc111', '06666035-ab75-462f-9c50-f327b4bd752d', 'WHITELISTED');
insert into public.sellers (id, producer_id, seller_info_id, state) values ('c5f14127-15db-491c-a171-6618076212d4', 'eb008e96-1a21-4e9e-b086-34d8dcae7323', '15799759-be97-4b0c-9b2b-6ff55908fe9e', 'REGULAR');
insert into public.sellers (id, producer_id, seller_info_id, state) values ('e89ebef9-a4ac-48b4-ac73-bf0700f41fbd', 'fb4a712c-9f15-4b8a-a844-d9b84fe88aa9', 'e106d528-a6bb-494d-99fc-38000e81a6e6', 'REGULAR');
insert into public.sellers (id, producer_id, seller_info_id, state) values ('910e3d67-1a01-43de-a642-b744d3dc516d', 'db735839-af19-4f58-b6ca-01c6737e99a2', '9ad97538-6dba-4dc7-8c17-7f157303d82c', 'WHITELISTED');
insert into public.sellers (id, producer_id, seller_info_id, state) values ('938419bd-c802-43f1-864d-ec69cd94c714', '965d794c-add2-474c-ab06-d1e3fc805bc1', '1bd95748-72d6-432f-82b2-0c7a59c45b7c', 'REGULAR');
insert into public.sellers (id, producer_id, seller_info_id, state) values ('5df2da02-819f-440e-a540-b62f47ed1f4f', 'b01b1509-28b1-4266-bdca-83ba30a1ea39', '41e95894-7b80-4f1b-b286-f4bb59c369e7', 'BLACKLISTED');
insert into public.sellers (id, producer_id, seller_info_id, state) values ('376a44f4-080b-4575-a4d8-d80bfb61d872', '3742bfcf-af35-4911-a145-618c6b071fdc', 'd34a9701-6002-4452-8f7c-6d2b0f36d4eb', 'GREYLISTED');
insert into public.sellers (id, producer_id, seller_info_id, state) values ('80d2da7d-a8a8-4eb6-958e-314526979b9c', '2c2d2398-ccc0-4658-a32d-2572e832d613', 'ceedd346-d7c3-4c43-a0cf-36ab2ac24244', 'REGULAR');
insert into public.sellers (id, producer_id, seller_info_id, state) values ('eda178e1-0379-44b5-8c8c-9702f00c8de1', '4d9493cb-bd98-49cf-9774-87f2559f6d69', 'ca3f3cff-533b-4f15-b2c2-2373717b0894', 'BLACKLISTED');
insert into public.sellers (id, producer_id, seller_info_id, state) values ('fb14485c-bcb3-421a-b6e5-1f41db56b4d2', '5c3e2dd2-a96b-4d43-86bd-84903d1e2160', 'b636d5a6-0ed9-4bac-bb36-a4491c682e1c', 'REGULAR');
insert into public.sellers (id, producer_id, seller_info_id, state) values ('eab77d31-e2a8-4d7f-a350-90a8bbc8963d', '43eb75ce-affe-4b27-a4a5-b2883e0d189a', 'fd432628-30ca-49a8-9fec-398e7a98be41', 'WHITELISTED');
insert into public.sellers (id, producer_id, seller_info_id, state) values ('d80596f1-e26a-471b-b353-18de2e198329', 'ea3832fd-800f-4531-a839-1544b7c4ef3b', 'ca3f3cff-533b-4f15-b2c2-2373717b0894', 'BLACKLISTED');
insert into public.sellers (id, producer_id, seller_info_id, state) values ('a6f939c7-77b4-401d-93b7-2a209fd6938a', '3742bfcf-af35-4911-a145-618c6b071fdc', 'af993a9a-bc7c-4376-bf68-abe4d8fd9a75', 'REGULAR');
insert into public.sellers (id, producer_id, seller_info_id, state) values ('c5565fa9-bc5c-416b-a295-15e90f5685a1', '7fd43926-86dc-41bc-9496-a057afbfe76b', 'd5cde7ca-252b-416e-bba4-66891d7a170c', 'REGULAR');
insert into public.sellers (id, producer_id, seller_info_id, state) values ('937a2b2c-96b4-4495-8b7b-8dacfa818c26', 'b01b1509-28b1-4266-bdca-83ba30a1ea39', '38091567-fd77-4246-a839-3061e5ebece1', 'GREYLISTED');
insert into public.sellers (id, producer_id, seller_info_id, state) values ('7cd9cd97-14f3-4902-9add-bec9d311fb7a', '3742bfcf-af35-4911-a145-618c6b071fdc', '0e09fb01-d2df-461e-bb63-7506ef726948', 'BLACKLISTED');
insert into public.sellers (id, producer_id, seller_info_id, state) values ('57b70477-5623-460a-a9ed-61b0d1865fe0', '4373af1f-94a5-4579-956b-1609cf0eb4d9', '41e95894-7b80-4f1b-b286-f4bb59c369e7', 'BLACKLISTED');
insert into public.sellers (id, producer_id, seller_info_id, state) values ('1461b983-54d6-4a11-a9be-7c5b09e327de', 'e81a72fa-2a0c-42cf-9a5f-bfe44c95356b', '350f91c5-8789-42ee-9a3a-132c2026341b', 'BLACKLISTED');
insert into public.sellers (id, producer_id, seller_info_id, state) values ('7c954622-6f01-41e5-a28a-0a50fbf074d0', 'e7195bfc-fde7-4e95-8e9c-2d1e63f51d66', '33b9d514-74a0-4cc6-8053-3870046356ba', 'WHITELISTED');
insert into public.sellers (id, producer_id, seller_info_id, state) values ('7740685d-b05c-474b-a2b1-15382349f0a5', '0297dd2a-54bc-4481-8e94-a52a136d235d', '5716f64f-ed99-4a6b-905b-76361d516a9d', 'BLACKLISTED');
insert into public.sellers (id, producer_id, seller_info_id, state) values ('a70e685d-0130-4577-86c1-2c0743440bcf', '384d8ac4-8559-41ca-9bf7-f73239832fb2', '27775be4-5496-42bb-8d74-561fc3add247', 'BLACKLISTED');
insert into public.sellers (id, producer_id, seller_info_id, state) values ('0a5636b1-94ee-4440-91f3-94e111ce2069', '7fb8001d-e7cc-4fc2-b62a-e6ae653af262', '8eda7ad9-9f27-46b0-ad91-2e4e0ef7528e', 'REGULAR');
insert into public.sellers (id, producer_id, seller_info_id, state) values ('a9d7fb4f-71d2-49dc-afd4-c494975ed9bf', '91a00b9d-870d-48cf-9d6c-086e364caa31', '4504aa8c-b96b-4b97-b51e-cace53255857', 'BLACKLISTED');
insert into public.sellers (id, producer_id, seller_info_id, state) values ('51132464-ea7c-4935-b142-bf9c829394f3', 'cbb881e2-1663-41e8-89bc-5f59da6f0859', '5f63e2b5-4949-4f76-8450-3c8114f5ccb5', 'REGULAR');
insert into public.sellers (id, producer_id, seller_info_id, state) values ('3e5e950b-3f83-4907-acdc-acddbc9ff916', 'd6f451b7-5705-4f8a-90eb-fe19250ca47a', '9e69a95c-958e-480c-98f0-79786a51e637', 'REGULAR');
insert into public.sellers (id, producer_id, seller_info_id, state) values ('3732c0d8-02ec-4d4c-b549-b8a97c85b2db', 'f7a0bb9f-b41b-4cd0-8f28-7296d9038f1f', '9dcd74e9-3ecf-46de-a8dc-3f1cdb9cd98d', 'WHITELISTED');
insert into public.sellers (id, producer_id, seller_info_id, state) values ('c02a5e66-0328-40e7-8b6f-d0df151080ba', '0f4f0ea4-e369-4bc8-b343-3755da1222a3', '1a7f722b-62cf-43e4-a0b1-c7db0235537b', 'BLACKLISTED');
insert into public.sellers (id, producer_id, seller_info_id, state) values ('fd3d57a2-1f74-41d1-8ee6-a0c87d0caf90', 'b01b1509-28b1-4266-bdca-83ba30a1ea39', '561b693e-7c87-4f86-a5b4-a4007c607baf', 'BLACKLISTED');
insert into public.sellers (id, producer_id, seller_info_id, state) values ('e789aac9-fe77-4e93-a3ed-b1681c162897', 'b6543870-79fa-4286-b1b8-2491c35b1687', '63b10493-f00d-44a3-abf5-0fa2e78874d8', 'WHITELISTED');
insert into public.sellers (id, producer_id, seller_info_id, state) values ('526608a7-81e8-417c-8324-aadb717c8c2a', 'db735839-af19-4f58-b6ca-01c6737e99a2', 'b53ac80a-2330-4998-b436-3f54b642bdd9', 'GREYLISTED');
insert into public.sellers (id, producer_id, seller_info_id, state) values ('18081815-994c-4914-81b1-12247124585d', '9c8fb574-7ed4-478e-bf00-90623ae58c6a', 'c2e56770-8483-41db-99ec-410a50bdeea5', 'BLACKLISTED');
insert into public.sellers (id, producer_id, seller_info_id, state) values ('22f91565-bf93-45dd-9ab0-01c97c3eb5aa', '0fd39dd4-e081-45de-bfe7-5d28ecd44cf3', 'c60ccd8a-484f-405f-90f0-82de25de382a', 'BLACKLISTED');
insert into public.sellers (id, producer_id, seller_info_id, state) values ('9165e747-3bf8-4744-86f6-0b9799a23c2d', '965d794c-add2-474c-ab06-d1e3fc805bc1', '1e3a5180-64a0-41f3-93ce-087be009df1f', 'WHITELISTED');
insert into public.sellers (id, producer_id, seller_info_id, state) values ('3f22ac9b-b89d-41ec-9500-b364e0116578', '9c8fb574-7ed4-478e-bf00-90623ae58c6a', 'a3a781b5-aeed-467e-9579-c440fb59088c', 'BLACKLISTED');
insert into public.sellers (id, producer_id, seller_info_id, state) values ('ca839fd9-a19c-4f44-bdad-7cd97f3c93f6', 'e836004d-c8ea-4c0f-83dc-96671d600c9d', 'ae86e966-4702-487b-a7bb-ae9fa49bfd34', 'GREYLISTED');
insert into public.sellers (id, producer_id, seller_info_id, state) values ('10f321d8-7f68-4b3e-87c9-ac0c207b11b0', '4db03d43-a05e-430c-b1a9-cf191c6d78a7', 'a13539e3-99ce-4db9-a1f5-8a2223a35cf6', 'GREYLISTED');
insert into public.sellers (id, producer_id, seller_info_id, state) values ('ba3fb47f-4aa1-4a5e-9b3a-fe7a07208073', '4db03d43-a05e-430c-b1a9-cf191c6d78a7', 'e1966fbf-fd29-45ee-a13d-4372f5291f6d', 'WHITELISTED');
insert into public.sellers (id, producer_id, seller_info_id, state) values ('ecd7c446-24aa-4c6d-ba65-5c40be2cdc37', '0e4a352d-8355-4d6e-a846-58d983416367', '25468bcd-33a4-4244-aa10-ce7cf85d5e27', 'GREYLISTED');
insert into public.sellers (id, producer_id, seller_info_id, state) values ('c165a528-02a3-4c1a-abc3-d7c33a7ee4be', 'e7195bfc-fde7-4e95-8e9c-2d1e63f51d66', 'ea1685dc-d596-4226-a2b5-4654ce868f10', 'BLACKLISTED');
insert into public.sellers (id, producer_id, seller_info_id, state) values ('18d91829-34d2-441a-8a1e-a9af33b98ff9', '9b2ad672-9134-4f39-a794-1a549920157d', '3d5b9315-d450-4838-8b90-661dfb0868d1', 'REGULAR');
insert into public.sellers (id, producer_id, seller_info_id, state) values ('caa38e06-bd8f-457c-95e0-63d8a43991ed', '571f1e7f-47d4-474a-a60e-712cddaa38e2', '2e09c8f6-dd88-46f7-a476-e8d80973ae2d', 'BLACKLISTED');
insert into public.sellers (id, producer_id, seller_info_id, state) values ('494b30cf-8b7a-48b0-9055-6b88e35ca54f', '887f6429-963c-479e-858c-1ada06bd224a', '38814b76-e229-414e-b3f6-66b6794acf1c', 'WHITELISTED');
insert into public.sellers (id, producer_id, seller_info_id, state) values ('92d298a3-209f-4f24-a8b9-a9929d25348a', 'd6be6a06-11d6-42f2-a28f-dba9988afc30', '86b18420-dbd1-4959-aa1f-54c10f771f86', 'WHITELISTED');
insert into public.sellers (id, producer_id, seller_info_id, state) values ('5c397d7f-a590-4f0d-bf6d-81cd09ae1cae', 'fde190c3-3ec9-4981-af3d-4ab8c5e203fa', 'ec80ce05-58ff-4f6b-ae09-7b64d721597b', 'BLACKLISTED');
insert into public.sellers (id, producer_id, seller_info_id, state) values ('102444a7-1f7a-4c42-bc10-90b53bb08691', 'f7a0bb9f-b41b-4cd0-8f28-7296d9038f1f', '9ad97538-6dba-4dc7-8c17-7f157303d82c', 'BLACKLISTED');
insert into public.sellers (id, producer_id, seller_info_id, state) values ('b0c72c65-237a-47fc-a01e-8dc2c32b57c1', 'c57fef97-2efe-450c-854b-70ec9cf0a6e0', '4830662a-fb1a-497a-a1e1-9a452226036d', 'GREYLISTED');
insert into public.sellers (id, producer_id, seller_info_id, state) values ('eeb9531b-f543-40b2-9302-aa7025d4ea29', 'd6f451b7-5705-4f8a-90eb-fe19250ca47a', 'aa95854d-439c-4b8a-a801-418a19d93d01', 'REGULAR');
insert into public.sellers (id, producer_id, seller_info_id, state) values ('4ce9df3d-3e97-4078-9e5e-da4a26056f04', '1b5e318a-0ea2-4723-8006-56cf157ebd0a', '5ae0329f-1ffa-4c2a-8749-773a04b6b80b', 'WHITELISTED');
insert into public.sellers (id, producer_id, seller_info_id, state) values ('8194b40b-888d-4048-8de4-7548dbea20c5', '1308656c-de6d-432b-8d1b-4e7638fe8e39', 'd9a99af9-1761-4de8-9ce9-29c725e9c894', 'WHITELISTED');
insert into public.sellers (id, producer_id, seller_info_id, state) values ('23fc910a-faed-4679-a30c-e0a4d97be047', 'b55903f6-9dc8-4af5-9465-fec362b7d9c1', 'dfb2981e-6179-44cd-9985-ca299b697f3e', 'REGULAR');
insert into public.sellers (id, producer_id, seller_info_id, state) values ('980bf465-a33c-486c-9d0f-792369fa88e7', 'e836004d-c8ea-4c0f-83dc-96671d600c9d', 'ea3a9cb3-9931-4519-bccd-091b3c9eb32c', 'WHITELISTED');
insert into public.sellers (id, producer_id, seller_info_id, state) values ('59c1b018-3411-4d50-aeeb-3295e94531e5', '571f1e7f-47d4-474a-a60e-712cddaa38e2', 'aa95854d-439c-4b8a-a801-418a19d93d01', 'BLACKLISTED');
insert into public.sellers (id, producer_id, seller_info_id, state) values ('a1925776-c53f-4613-bb94-d1f3a6e4c05e', 'a4be97f9-67a6-4512-9322-1b6e204ed498', '319b4125-6b47-411d-a765-bdb1b4655b29', 'GREYLISTED');
insert into public.sellers (id, producer_id, seller_info_id, state) values ('7c2cb776-c7ad-4847-818e-84ebb4ca5974', '9f562cd2-9038-4870-a088-ca006df610ce', '7b27e681-c36f-49e8-9be2-ed1e0872f820', 'WHITELISTED');
insert into public.sellers (id, producer_id, seller_info_id, state) values ('e6030107-8606-41ec-917c-61dee0f85873', '7f87e423-0415-4b81-9e93-f7a5ae613539', '7ca81887-5d6a-4f17-9717-c77e17130236', 'REGULAR');
insert into public.sellers (id, producer_id, seller_info_id, state) values ('cabe06ab-0e18-47e9-b5cc-a97b53c08b29', 'ee7feca9-e85f-4f25-ae60-f41f3787f3e7', 'c8638862-6cef-45bd-afd2-c59784adb4ad', 'WHITELISTED');
insert into public.sellers (id, producer_id, seller_info_id, state) values ('8758ebc9-2498-496c-aaa9-1ca1b6f19972', '0f4f0ea4-e369-4bc8-b343-3755da1222a3', '9139ce5b-c124-41f2-aec7-13e713eaf1cc', 'GREYLISTED');
insert into public.sellers (id, producer_id, seller_info_id, state) values ('df3c1e27-85e4-4f72-b977-8e74a0e3ffbc', '1b5e318a-0ea2-4723-8006-56cf157ebd0a', '028e11af-c84c-4c2f-bb0d-37a8730fa14a', 'REGULAR');
insert into public.sellers (id, producer_id, seller_info_id, state) values ('b3e0b99e-a734-4ef0-9413-2385226578ee', 'db735839-af19-4f58-b6ca-01c6737e99a2', 'acdf1c8c-338e-4f05-b6a7-9e390ae547f9', 'WHITELISTED');
insert into public.sellers (id, producer_id, seller_info_id, state) values ('dec10263-b57f-4a92-ad1c-e7d00d2c5543', '91a00b9d-870d-48cf-9d6c-086e364caa31', '3ac71ee0-db40-44dd-851e-ca3a98f554c2', 'GREYLISTED');
insert into public.sellers (id, producer_id, seller_info_id, state) values ('ed616c5f-b1a8-4265-9a22-aa6d1e147231', '3742bfcf-af35-4911-a145-618c6b071fdc', '5b4cb748-fc12-465e-ad3f-ea8dc75ec687', 'BLACKLISTED');
insert into public.sellers (id, producer_id, seller_info_id, state) values ('ef6115b2-18dd-4d02-b2e6-20e6a32c7c4f', '4373af1f-94a5-4579-956b-1609cf0eb4d9', 'c48f6320-27fe-43cf-bd7e-2930d3487970', 'BLACKLISTED');
insert into public.sellers (id, producer_id, seller_info_id, state) values ('ff46f274-8c17-41dd-b22d-95589d882017', 'eb008e96-1a21-4e9e-b086-34d8dcae7323', '7b27e681-c36f-49e8-9be2-ed1e0872f820', 'REGULAR');
insert into public.sellers (id, producer_id, seller_info_id, state) values ('6e55f079-8ed2-45fe-bba7-8be15db2d754', '3a024f20-bc35-4df4-8e95-31a1d4d80f08', '7da1cf84-44c0-4a83-bf7b-56d8e94948ae', 'GREYLISTED');
insert into public.sellers (id, producer_id, seller_info_id, state) values ('145eabff-0486-407c-8bf1-00e13656b551', 'a354ceca-aded-4bef-bac5-fc32d569a9f2', '25468bcd-33a4-4244-aa10-ce7cf85d5e27', 'BLACKLISTED');
insert into public.sellers (id, producer_id, seller_info_id, state) values ('3a6cdaf2-897f-4397-aed1-bf9188b0b521', '045f4b34-c98a-4f50-bf7b-00120e04f584', '94d306d5-f255-40ab-8cb0-0f70d641c6ff', 'GREYLISTED');
insert into public.sellers (id, producer_id, seller_info_id, state) values ('644e06ae-175a-4b48-9bd6-f85ebadccd7d', '7fd43926-86dc-41bc-9496-a057afbfe76b', 'ca3f3cff-533b-4f15-b2c2-2373717b0894', 'BLACKLISTED');
insert into public.sellers (id, producer_id, seller_info_id, state) values ('5945626b-5740-49ea-8945-17401f425b5e', '70fa3018-3e82-4884-93e1-bf6bd9e2c5a3', '2b8ec4a9-7e37-4c6c-a9fa-5467324a94ea', 'REGULAR');
insert into public.sellers (id, producer_id, seller_info_id, state) values ('7a013096-3f3f-415f-a510-11d8a7c63ce9', 'cdde1d80-9fc3-41d0-8a5b-217ae0c28dd8', '13e680a0-8dc8-4fd9-bdfc-e42290c93055', 'REGULAR');
insert into public.sellers (id, producer_id, seller_info_id, state) values ('6ba1ab6e-6418-4b71-8bd9-b013ff98fa23', 'b7b837e6-aaa3-4142-be76-c957a60d2bbd', 'cf5c9530-8ed7-4ba7-a9af-7250b6dc0406', 'REGULAR');
insert into public.sellers (id, producer_id, seller_info_id, state) values ('8b2608ce-0478-4f0e-9b80-e26859fce6bf', 'f559083e-0fd7-4658-8d45-c76c7f59ed07', '22ce1ecd-d61e-44d5-a5db-39676e0758aa', 'REGULAR');
insert into public.sellers (id, producer_id, seller_info_id, state) values ('5544c356-c9f8-4d40-b29b-4c8c759fcd06', '571f1e7f-47d4-474a-a60e-712cddaa38e2', 'c3d6d473-f250-4ec3-b45c-aada8b812e40', 'REGULAR');
insert into public.sellers (id, producer_id, seller_info_id, state) values ('554e2190-4aa4-44af-a1d9-7505058d417a', '256fe989-8c48-4aa4-92f6-f60c66fc9b2f', '36d87ced-c888-49ba-9690-0e6856977a2c', 'WHITELISTED');
insert into public.sellers (id, producer_id, seller_info_id, state) values ('96ab7e36-2811-40b7-ac21-f33215c427fc', '571f1e7f-47d4-474a-a60e-712cddaa38e2', '25468bcd-33a4-4244-aa10-ce7cf85d5e27', 'GREYLISTED');
insert into public.sellers (id, producer_id, seller_info_id, state) values ('e3890cc0-ffba-4dc3-aa79-b964eeddf919', 'fdc7836e-3e06-4aad-b1bf-ec9808fbf234', '33b9d514-74a0-4cc6-8053-3870046356ba', 'WHITELISTED');
insert into public.sellers (id, producer_id, seller_info_id, state) values ('99898c4e-6c7b-4d96-9a6d-734e74d8e8aa', '671b3aea-5f17-4f09-a7bf-6fbece79e7ad', '22ce1ecd-d61e-44d5-a5db-39676e0758aa', 'GREYLISTED');
insert into public.sellers (id, producer_id, seller_info_id, state) values ('e07c72df-69fa-4c98-8d14-dab7a4a04174', 'b7b837e6-aaa3-4142-be76-c957a60d2bbd', '607055b1-c10b-4976-a4bd-8e741b7908b0', 'WHITELISTED');
insert into public.sellers (id, producer_id, seller_info_id, state) values ('46b30952-5eb7-43ae-9997-98f786bdbc66', '8922c843-47fa-438d-9eb9-78116f15b058', '0b184d5f-736a-4acd-8ba4-5dbe12e33d22', 'BLACKLISTED');
insert into public.sellers (id, producer_id, seller_info_id, state) values ('4dcbd3c4-9e77-49dd-81d4-146c11341261', 'de5087b2-7ed2-4cd4-a62e-db9b4291c87d', '27775be4-5496-42bb-8d74-561fc3add247', 'REGULAR');
insert into public.sellers (id, producer_id, seller_info_id, state) values ('43e53929-f01f-4962-b1d6-a5faa0a35cd9', '9f562cd2-9038-4870-a088-ca006df610ce', 'aa95854d-439c-4b8a-a801-418a19d93d01', 'GREYLISTED');
insert into public.sellers (id, producer_id, seller_info_id, state) values ('ac625891-bb57-442c-8996-0a90c93124c5', '4d9493cb-bd98-49cf-9774-87f2559f6d69', '13e680a0-8dc8-4fd9-bdfc-e42290c93055', 'REGULAR');
insert into public.sellers (id, producer_id, seller_info_id, state) values ('19ebbddd-e82d-4e02-8360-172b1177fdba', '5c3e2dd2-a96b-4d43-86bd-84903d1e2160', '7bfbed09-1c8a-44e8-a8d6-6d4c4d3e2dce', 'GREYLISTED');
insert into public.sellers (id, producer_id, seller_info_id, state) values ('f774538b-6a08-4408-a1d9-18f4367d90bb', 'd7631166-1f6f-4105-99a6-bc1a06301074', '1e3a5180-64a0-41f3-93ce-087be009df1f', 'GREYLISTED');
insert into public.sellers (id, producer_id, seller_info_id, state) values ('febc830b-6f35-4a95-b0ae-9f73c309bc47', 'e7195bfc-fde7-4e95-8e9c-2d1e63f51d66', '3b1a72f8-ed2e-485f-9543-ccf3009f6255', 'REGULAR');
insert into public.sellers (id, producer_id, seller_info_id, state) values ('0b615458-973c-442f-8e8b-91840aa1bdca', 'd70293c8-1512-46c4-8e3d-b48ff5055e1d', '2a0d2578-fda9-4fe2-8a51-436681853e60', 'REGULAR');
insert into public.sellers (id, producer_id, seller_info_id, state) values ('dd364235-3ec7-4750-a2a3-dfd7000077c8', 'b7b837e6-aaa3-4142-be76-c957a60d2bbd', 'a66ee03d-c816-49f0-a232-1770ba222503', 'WHITELISTED');
insert into public.sellers (id, producer_id, seller_info_id, state) values ('b3e4f48f-4dd9-44dd-8cbe-fdd442be9e9e', '73d15f37-5cb3-4860-8410-c1c78d769121', 'cda815e4-161e-42f7-ae66-04196a0c4742', 'BLACKLISTED');
insert into public.sellers (id, producer_id, seller_info_id, state) values ('4d76758d-10ea-41f2-8a26-152a2ca8ffff', 'e836004d-c8ea-4c0f-83dc-96671d600c9d', 'e8a00e44-dcba-4f69-a5fe-92c633e7ae21', 'WHITELISTED');
insert into public.sellers (id, producer_id, seller_info_id, state) values ('ef2e9097-59fc-4df9-b04c-dedee5a42b8c', '7882de10-c31d-457d-8f14-434363a79c40', '60937221-01ae-4fdd-8aae-a33f426d593f', 'BLACKLISTED');
insert into public.sellers (id, producer_id, seller_info_id, state) values ('22ff59a6-c6e2-40be-9a5b-0a74c7bb5d84', '77871b6d-23b5-417b-95fc-de2052b9d73d', 'e9e2ac2d-6aba-499d-a7d9-4400b1553e39', 'REGULAR');
insert into public.sellers (id, producer_id, seller_info_id, state) values ('88aba200-b418-415b-bf43-c920416d8737', 'c57fef97-2efe-450c-854b-70ec9cf0a6e0', '1c28d573-8334-4967-9d4d-9942e6a5ad86', 'GREYLISTED');
insert into public.sellers (id, producer_id, seller_info_id, state) values ('a0b5324c-7984-403f-bcdd-ec1aa154ca49', 'a354ceca-aded-4bef-bac5-fc32d569a9f2', 'd72b3eca-e82f-4072-bd6f-90455d940daa', 'REGULAR');
insert into public.sellers (id, producer_id, seller_info_id, state) values ('cf1aa60e-4408-4340-9e78-26a18d2d4d89', '7fd43926-86dc-41bc-9496-a057afbfe76b', '2e08526c-9d7c-4ec0-a373-f94858e604b3', 'REGULAR');
insert into public.sellers (id, producer_id, seller_info_id, state) values ('e8dae0e3-56c2-4736-8f3c-59ca7f83933d', '256fe989-8c48-4aa4-92f6-f60c66fc9b2f', '8eda7ad9-9f27-46b0-ad91-2e4e0ef7528e', 'BLACKLISTED');
insert into public.sellers (id, producer_id, seller_info_id, state) values ('60cfdd8e-6fe7-4d84-8c3e-c592d2942441', 'f4e7f3ee-13f5-45f4-809b-3cbe895b4cb7', '641eea6d-dd48-4b2f-9d9c-79c9085b57e7', 'REGULAR');
insert into public.sellers (id, producer_id, seller_info_id, state) values ('b8880534-2ad9-45ae-b267-a2a5f49d4ebf', '571f1e7f-47d4-474a-a60e-712cddaa38e2', '5ac7a6a4-ec99-40ce-9d4d-29f382e9d3d3', 'WHITELISTED');
insert into public.sellers (id, producer_id, seller_info_id, state) values ('4a84897b-5845-49fb-9914-e5cb9a50153e', '256fe989-8c48-4aa4-92f6-f60c66fc9b2f', '84ac3e87-3c1f-4ca1-b97d-54a21135b6ff', 'BLACKLISTED');
insert into public.sellers (id, producer_id, seller_info_id, state) values ('adb9760f-afec-4642-91ec-fc234a90e7aa', '760fe769-a51c-4140-965c-1f383d69eca1', '4504aa8c-b96b-4b97-b51e-cace53255857', 'GREYLISTED');
insert into public.sellers (id, producer_id, seller_info_id, state) values ('0d890584-ba63-4921-b26c-4e3a69476a34', '760fe769-a51c-4140-965c-1f383d69eca1', '5fe9bc14-d305-47bc-9caf-306ae701050d', 'GREYLISTED');
insert into public.sellers (id, producer_id, seller_info_id, state) values ('33df1191-2997-4c3c-8769-d505a2668a44', '6a807f10-d51c-4718-9d7d-d48e80e5dde0', 'd9a99af9-1761-4de8-9ce9-29c725e9c894', 'GREYLISTED');
insert into public.sellers (id, producer_id, seller_info_id, state) values ('4d55e7ec-b2e4-40b8-814f-01e1b48e6999', '5771ba06-a4be-43bd-8ef7-d11107a41374', '430e6810-415e-4a89-bb7c-fa7bdfc9ec6a', 'GREYLISTED');
insert into public.sellers (id, producer_id, seller_info_id, state) values ('b744e00e-c8c6-4633-83a2-5ad23258c397', 'bfb5b00e-dc89-44d6-889f-00b5424d1e12', 'e7c79fe4-e544-4869-871b-ebebeacddb47', 'REGULAR');
insert into public.sellers (id, producer_id, seller_info_id, state) values ('1e6ec240-1788-42f6-a739-b9625bd3b0a4', '7b610001-f291-49c2-95a2-7b40a712e34f', 'd2f93d54-b897-40aa-9ca2-a2d04777368c', 'WHITELISTED');
insert into public.sellers (id, producer_id, seller_info_id, state) values ('8badf826-c80d-4341-a632-4aa8063577d3', '7f87e423-0415-4b81-9e93-f7a5ae613539', 'd9a99af9-1761-4de8-9ce9-29c725e9c894', 'WHITELISTED');
insert into public.sellers (id, producer_id, seller_info_id, state) values ('995889f6-0558-4599-a136-c669fe63ef65', 'b7b837e6-aaa3-4142-be76-c957a60d2bbd', 'd1e9ba58-750f-49ec-a2a8-7fd6a1b65a8e', 'WHITELISTED');
insert into public.sellers (id, producer_id, seller_info_id, state) values ('701c1139-4e6d-4794-bab9-bcd28681aec4', '9c8fb574-7ed4-478e-bf00-90623ae58c6a', 'f86bbbd0-ea2a-4bbb-a3bf-2c2a1feef9e2', 'WHITELISTED');
insert into public.sellers (id, producer_id, seller_info_id, state) values ('0a692e08-d109-4a2d-b177-82b632e73bd6', 'a01698b1-2769-4b2a-95c4-fd1c246905ef', 'bd98b5ba-3a74-44c0-961e-7b02f1a879bb', 'GREYLISTED');
insert into public.sellers (id, producer_id, seller_info_id, state) values ('03b5f7e6-9c76-4c0e-a30f-34aff3b5db95', '045f4b34-c98a-4f50-bf7b-00120e04f584', 'f7f2ebbe-c1c9-46cf-bb9c-1809c5d5978e', 'WHITELISTED');
insert into public.sellers (id, producer_id, seller_info_id, state) values ('c06e2a77-bf05-4a03-85a9-480c26786182', 'dc16255a-5eac-4102-a054-efe17014954d', 'cda815e4-161e-42f7-ae66-04196a0c4742', 'REGULAR');
insert into public.sellers (id, producer_id, seller_info_id, state) values ('19b720fc-faa6-472a-94d5-43aa43645e7c', '6a807f10-d51c-4718-9d7d-d48e80e5dde0', 'af993a9a-bc7c-4376-bf68-abe4d8fd9a75', 'GREYLISTED');
insert into public.sellers (id, producer_id, seller_info_id, state) values ('26b70f92-405a-4540-be10-97d57026071a', 'bfb5b00e-dc89-44d6-889f-00b5424d1e12', '8424ac39-9603-4058-ad4b-2e2b0cf9b103', 'REGULAR');
insert into public.sellers (id, producer_id, seller_info_id, state) values ('4de04387-187b-4f8a-9479-b66bce58fcb2', '4d9493cb-bd98-49cf-9774-87f2559f6d69', '21c69ff8-a447-46e2-855e-bb399d134f1c', 'BLACKLISTED');
insert into public.sellers (id, producer_id, seller_info_id, state) values ('71a6cda4-a2f0-43c4-96c1-481bc79c6cf7', 'fdc7836e-3e06-4aad-b1bf-ec9808fbf234', '84ac3e87-3c1f-4ca1-b97d-54a21135b6ff', 'WHITELISTED');
insert into public.sellers (id, producer_id, seller_info_id, state) values ('b4037a0c-5c21-4356-a91b-79e257d08dab', '8e0835e1-ad2e-4e89-9bd4-869f5d1597e2', '83557f65-9e1b-4ee1-872e-653b958fdc0b', 'WHITELISTED');
insert into public.sellers (id, producer_id, seller_info_id, state) values ('912e10dd-310b-4c8e-a50d-44007e5ae40d', '4afa9e02-9f2c-48ac-9c46-611cfa339603', '877cc574-99eb-4e7a-b4f9-a83d18288015', 'WHITELISTED');
insert into public.sellers (id, producer_id, seller_info_id, state) values ('9eaad5a9-6ca0-40e8-803c-858048b6148f', 'c472ce72-9508-4ac0-bf53-fc290dc7fa85', '4feeeeab-1c7b-41b6-8f52-5db9c34cc545', 'REGULAR');
insert into public.sellers (id, producer_id, seller_info_id, state) values ('58503d81-354c-4447-96ad-8e22d32d140d', '2c2d2398-ccc0-4658-a32d-2572e832d613', '3d5b9315-d450-4838-8b90-661dfb0868d1', 'REGULAR');
insert into public.sellers (id, producer_id, seller_info_id, state) values ('42c51332-137b-4ab9-826d-d4e2bca2fcb5', 'bfb5b00e-dc89-44d6-889f-00b5424d1e12', 'f9d5860a-96cc-4d09-98be-c4824cd81243', 'GREYLISTED');
insert into public.sellers (id, producer_id, seller_info_id, state) values ('b6b61ba2-733f-434c-99b1-6d231a1526bd', '0297dd2a-54bc-4481-8e94-a52a136d235d', 'bb2a123b-c572-4d0e-8b0b-2b6fbe13dfbd', 'WHITELISTED');
insert into public.sellers (id, producer_id, seller_info_id, state) values ('5fef28fd-f20b-4630-b444-fdd28a391c4e', '9438ad21-0c26-4d85-8c24-4aa22b8ca18f', '7ca81887-5d6a-4f17-9717-c77e17130236', 'REGULAR');
insert into public.sellers (id, producer_id, seller_info_id, state) values ('56343e8e-0411-4f66-89e2-afd266874d92', 'f559083e-0fd7-4658-8d45-c76c7f59ed07', '5716f64f-ed99-4a6b-905b-76361d516a9d', 'GREYLISTED');
insert into public.sellers (id, producer_id, seller_info_id, state) values ('ba8e9efb-8f63-445b-b9c2-e96ad9737e64', 'ee7feca9-e85f-4f25-ae60-f41f3787f3e7', 'b651c2a9-95d3-4973-bb06-1724e7ff3711', 'REGULAR');
insert into public.sellers (id, producer_id, seller_info_id, state) values ('dd386767-c99f-446a-93e9-06b8e9e09498', 'd7631166-1f6f-4105-99a6-bc1a06301074', 'c8638862-6cef-45bd-afd2-c59784adb4ad', 'WHITELISTED');
insert into public.sellers (id, producer_id, seller_info_id, state) values ('0665a74c-7f67-4a85-a139-7d1d25d8cd20', '7f87e423-0415-4b81-9e93-f7a5ae613539', 'b53ac80a-2330-4998-b436-3f54b642bdd9', 'BLACKLISTED');
insert into public.sellers (id, producer_id, seller_info_id, state) values ('57f81ebc-d95a-4998-9b70-8d3e914a3182', 'b01b1509-28b1-4266-bdca-83ba30a1ea39', 'a6dc3116-a9e2-40bc-af5c-fa0478e28ec9', 'WHITELISTED');
insert into public.sellers (id, producer_id, seller_info_id, state) values ('19beb8e3-5899-44e0-8dca-113ca47dcd6c', 'd6be6a06-11d6-42f2-a28f-dba9988afc30', '9bbfccc7-209e-4939-a060-65ce95f3b043', 'REGULAR');
insert into public.sellers (id, producer_id, seller_info_id, state) values ('3e7b8b0a-76f7-4696-a9e6-f6a5b1047dc3', '0fd39dd4-e081-45de-bfe7-5d28ecd44cf3', 'e37f7db8-194d-48a0-abca-3ea34aa77ddf', 'GREYLISTED');
insert into public.sellers (id, producer_id, seller_info_id, state) values ('fc955e78-072d-4b7f-bddc-5743cd06a364', '9438ad21-0c26-4d85-8c24-4aa22b8ca18f', '0e4fa79b-83f8-47b9-a8b6-8a7dc384ba5f', 'BLACKLISTED');
insert into public.sellers (id, producer_id, seller_info_id, state) values ('1fb88697-8004-4839-ab2c-a54c878329d0', '5132f722-fb8d-4e4a-aec8-fde5fc79e3cb', '0e09fb01-d2df-461e-bb63-7506ef726948', 'REGULAR');
insert into public.sellers (id, producer_id, seller_info_id, state) values ('6da5c169-e4f2-4404-95c7-873ba66788ee', '8e78e024-37e4-47ce-a34b-748aa5198616', 'c0252b07-f79d-4d01-be67-14f377e1c512', 'WHITELISTED');
insert into public.sellers (id, producer_id, seller_info_id, state) values ('441537f3-1d80-4623-8cec-d8e4b52597cd', 'cbb881e2-1663-41e8-89bc-5f59da6f0859', 'e8351976-555b-48bf-8c26-f25da9fd0bd8', 'REGULAR');
insert into public.sellers (id, producer_id, seller_info_id, state) values ('12de5a3f-d82c-45d8-821c-1b472cc28f12', 'c4b95742-15a9-4995-9dfe-ad4b7126547d', '0b184d5f-736a-4acd-8ba4-5dbe12e33d22', 'GREYLISTED');
insert into public.sellers (id, producer_id, seller_info_id, state) values ('f246709d-1493-4474-b0e3-dacc4f9d4cfd', '4db03d43-a05e-430c-b1a9-cf191c6d78a7', 'f589de2e-6f5e-4104-80ed-59c054ed8f39', 'WHITELISTED');
insert into public.sellers (id, producer_id, seller_info_id, state) values ('4a6a4f68-c756-4fde-b302-7327b4a86a9c', 'cbb881e2-1663-41e8-89bc-5f59da6f0859', '0e4fa79b-83f8-47b9-a8b6-8a7dc384ba5f', 'GREYLISTED');
insert into public.sellers (id, producer_id, seller_info_id, state) values ('713a0c81-d631-4327-bd24-5a9c347b872f', '6a807f10-d51c-4718-9d7d-d48e80e5dde0', '84a96cf8-b487-469c-9e7d-af7b77860827', 'BLACKLISTED');
insert into public.sellers (id, producer_id, seller_info_id, state) values ('48e33501-180b-4248-8178-bebc94ad1323', '4afa9e02-9f2c-48ac-9c46-611cfa339603', 'e8a00e44-dcba-4f69-a5fe-92c633e7ae21', 'WHITELISTED');
insert into public.sellers (id, producer_id, seller_info_id, state) values ('8449896b-e211-4545-9b9b-5fe79c0dd1de', 'a30c7f43-00a6-4009-a01c-3c0fe501b2da', '7da1cf84-44c0-4a83-bf7b-56d8e94948ae', 'WHITELISTED');
insert into public.sellers (id, producer_id, seller_info_id, state) values ('f06784c6-f7e1-44c7-ac5a-d238230880b0', '8597763e-2ea2-4ba5-9ce9-ffe514469f33', '8a273809-3aa8-4316-aa68-b56fd255ca60', 'WHITELISTED');
insert into public.sellers (id, producer_id, seller_info_id, state) values ('27800a57-f819-4d8b-a05e-970bdb726dcf', '77871b6d-23b5-417b-95fc-de2052b9d73d', '8cf88cd4-3c1a-4521-83ac-8023b03cafee', 'BLACKLISTED');
insert into public.sellers (id, producer_id, seller_info_id, state) values ('fb30e13a-93b3-49e5-b002-0bdb087c49cd', 'a3337e40-d210-4ce5-bb74-dd3cad2dc6c3', '3ac71ee0-db40-44dd-851e-ca3a98f554c2', 'WHITELISTED');
insert into public.sellers (id, producer_id, seller_info_id, state) values ('a25d0b8e-6e1b-485e-ac84-958c1102d8c9', '671b3aea-5f17-4f09-a7bf-6fbece79e7ad', '8a273809-3aa8-4316-aa68-b56fd255ca60', 'WHITELISTED');
insert into public.sellers (id, producer_id, seller_info_id, state) values ('15ea0b94-dc36-46b1-b0ed-d9d1c14e0022', '8597763e-2ea2-4ba5-9ce9-ffe514469f33', 'f589de2e-6f5e-4104-80ed-59c054ed8f39', 'GREYLISTED');
insert into public.sellers (id, producer_id, seller_info_id, state) values ('3138002c-7323-4b2f-8ba4-c491339191ac', '058a278f-c6ff-48df-9311-f7d25c487266', '84ac3e87-3c1f-4ca1-b97d-54a21135b6ff', 'BLACKLISTED');
insert into public.sellers (id, producer_id, seller_info_id, state) values ('6adf49d5-2c5c-4739-8ef4-9ebabe829d6e', 'c57fef97-2efe-450c-854b-70ec9cf0a6e0', '8524bd72-04a0-468e-a39e-9609b65458c1', 'BLACKLISTED');
insert into public.sellers (id, producer_id, seller_info_id, state) values ('3e45ab65-ec88-4e4d-80ec-4c11e6dda741', '058a278f-c6ff-48df-9311-f7d25c487266', '5ac7a6a4-ec99-40ce-9d4d-29f382e9d3d3', 'REGULAR');
insert into public.sellers (id, producer_id, seller_info_id, state) values ('7647260c-a5ad-4928-9452-e270f46d43b5', 'de4cdbba-9832-42b7-9294-dbbda71fc5fa', '3b1a72f8-ed2e-485f-9543-ccf3009f6255', 'BLACKLISTED');
insert into public.sellers (id, producer_id, seller_info_id, state) values ('15fcf10f-208a-436b-944e-c5798f742cb3', '887f6429-963c-479e-858c-1ada06bd224a', '8524bd72-04a0-468e-a39e-9609b65458c1', 'GREYLISTED');
insert into public.sellers (id, producer_id, seller_info_id, state) values ('3d35f671-6bd2-453f-93a1-5471f2cab7eb', '2692e27c-6289-4e25-bf4a-c86754f401ac', '086bd35c-cdc0-4030-8904-3daaf38aecb4', 'GREYLISTED');
insert into public.sellers (id, producer_id, seller_info_id, state) values ('9774f555-793f-4e62-a3f9-1e218ef88dbb', 'f7a0bb9f-b41b-4cd0-8f28-7296d9038f1f', 'dfb2981e-6179-44cd-9985-ca299b697f3e', 'BLACKLISTED');
insert into public.sellers (id, producer_id, seller_info_id, state) values ('41929859-d75c-4871-9faf-1ade93b1bf55', '4d9493cb-bd98-49cf-9774-87f2559f6d69', '1c8e0618-75b8-498c-8632-ad8222e85b87', 'GREYLISTED');
insert into public.sellers (id, producer_id, seller_info_id, state) values ('099d46da-3598-496b-b571-5417fb545967', '645399d7-d70a-4599-872e-b2a9b4d4925e', '798eeaaa-68e1-42d2-bead-f3e2dee6bd34', 'WHITELISTED');
insert into public.sellers (id, producer_id, seller_info_id, state) values ('32c64388-b7fc-48fd-936a-252c8941580b', 'fdc7836e-3e06-4aad-b1bf-ec9808fbf234', 'd9a99af9-1761-4de8-9ce9-29c725e9c894', 'GREYLISTED');
insert into public.sellers (id, producer_id, seller_info_id, state) values ('4300f909-d703-4534-b61d-d5e1057af9fb', '8922c843-47fa-438d-9eb9-78116f15b058', '0be005e0-63f7-4078-a744-090c87cfbbaa', 'REGULAR');
insert into public.sellers (id, producer_id, seller_info_id, state) values ('d40f41f2-9160-4e8c-b2d4-6b8a87cd8a75', '045f4b34-c98a-4f50-bf7b-00120e04f584', 'c2e56770-8483-41db-99ec-410a50bdeea5', 'REGULAR');
insert into public.sellers (id, producer_id, seller_info_id, state) values ('62ddd5de-df9c-4bf3-aadd-cfeb94a02547', 'dc16255a-5eac-4102-a054-efe17014954d', 'de4dbaa9-1bef-43ee-a8fe-0d15c1cf5be9', 'REGULAR');
insert into public.sellers (id, producer_id, seller_info_id, state) values ('b8f41fe3-82b1-4efb-9412-fefbef52a64b', 'ac7f2e45-f9be-4a98-bb8d-3553ab388b71', '3558c543-3b44-4de0-b527-771ba934822a', 'BLACKLISTED');
insert into public.sellers (id, producer_id, seller_info_id, state) values ('8915588a-48bd-42aa-abff-63e53f6bb035', '671b3aea-5f17-4f09-a7bf-6fbece79e7ad', '9564f7f1-c217-4b03-b251-25b1ee3571be', 'WHITELISTED');
insert into public.sellers (id, producer_id, seller_info_id, state) values ('9c0849c0-1628-4976-879a-0bb74a06fa07', 'b7284a77-96f3-4ebd-9d5a-7430c17bf794', '7287f26f-506d-409a-acc0-e41864f4bc9c', 'WHITELISTED');
insert into public.sellers (id, producer_id, seller_info_id, state) values ('8d85cf96-bd8a-45b3-bf55-3bfe16828b8e', '7f24f420-c952-488d-b937-006c36a916fd', 'ec175903-43b7-4007-981f-cff3ceca7940', 'WHITELISTED');
insert into public.sellers (id, producer_id, seller_info_id, state) values ('d8db8ee4-9128-4df1-b9b3-ee7de60c9718', 'd74a907f-21b0-4898-88e0-6796414e8e3c', '537a6f02-7636-427f-aa25-87746c298f2b', 'REGULAR');
insert into public.sellers (id, producer_id, seller_info_id, state) values ('23022c68-2ca3-4178-bd63-9d1df3c1a852', '058a278f-c6ff-48df-9311-f7d25c487266', 'c60ccd8a-484f-405f-90f0-82de25de382a', 'GREYLISTED');
insert into public.sellers (id, producer_id, seller_info_id, state) values ('bb94d09a-98b5-494e-866e-868f5034c6df', 'cbb881e2-1663-41e8-89bc-5f59da6f0859', 'b9c4aea6-4e53-4dee-900e-a63475c76824', 'WHITELISTED');
insert into public.sellers (id, producer_id, seller_info_id, state) values ('30d73555-2376-429e-a47d-9fa071c89af1', '7f24f420-c952-488d-b937-006c36a916fd', '84a96cf8-b487-469c-9e7d-af7b77860827', 'GREYLISTED');
insert into public.sellers (id, producer_id, seller_info_id, state) values ('8ab02d78-9989-4c87-8e89-d178ac23b8c8', '5c3e2dd2-a96b-4d43-86bd-84903d1e2160', '5cb719f5-c7c1-44a2-8ec9-5c6c48cd057c', 'GREYLISTED');
insert into public.sellers (id, producer_id, seller_info_id, state) values ('55c09bcf-73ef-4c48-b4fc-55ac75cffd5c', '0297dd2a-54bc-4481-8e94-a52a136d235d', '22ce1ecd-d61e-44d5-a5db-39676e0758aa', 'BLACKLISTED');
insert into public.sellers (id, producer_id, seller_info_id, state) values ('fb4cd0f2-b799-4fa6-b923-ca54f190aa29', '0e4a352d-8355-4d6e-a846-58d983416367', '7256b9da-840e-4f05-878f-af8dadb8a632', 'WHITELISTED');
insert into public.sellers (id, producer_id, seller_info_id, state) values ('dafeffb1-624c-42e3-aa10-75c49c61402d', '384d8ac4-8559-41ca-9bf7-f73239832fb2', '2b97b66e-2912-426c-8141-ff78346b333b', 'BLACKLISTED');
insert into public.sellers (id, producer_id, seller_info_id, state) values ('a326e260-194f-434b-af96-acb7aac92ea5', '6a36ba26-a6a8-461e-98d9-5b5bc400d819', '2f7ad90a-5a67-4c5b-962e-488adf753bc3', 'GREYLISTED');
insert into public.sellers (id, producer_id, seller_info_id, state) values ('43351484-bab4-47e9-9afa-f0adb7d1f345', '384d8ac4-8559-41ca-9bf7-f73239832fb2', '9e4dd621-4d34-4db0-b03f-71525c544b5c', 'WHITELISTED');
insert into public.sellers (id, producer_id, seller_info_id, state) values ('87a6fcbe-1253-45f9-be40-c58f75d7749a', '9f562cd2-9038-4870-a088-ca006df610ce', '94d306d5-f255-40ab-8cb0-0f70d641c6ff', 'GREYLISTED');
insert into public.sellers (id, producer_id, seller_info_id, state) values ('711d9d44-fe19-4c78-ad83-451f47eca9ff', '760fe769-a51c-4140-965c-1f383d69eca1', '8a273809-3aa8-4316-aa68-b56fd255ca60', 'BLACKLISTED');
insert into public.sellers (id, producer_id, seller_info_id, state) values ('6bddbcb0-072a-4733-abb9-ea8daf5efb34', '8922c843-47fa-438d-9eb9-78116f15b058', 'de4dbaa9-1bef-43ee-a8fe-0d15c1cf5be9', 'BLACKLISTED');
insert into public.sellers (id, producer_id, seller_info_id, state) values ('45633d41-79d8-43b8-9c13-e5cccba93edf', '760fe769-a51c-4140-965c-1f383d69eca1', '5d3b23dd-af58-43a6-b2ee-9931305ca338', 'REGULAR');
insert into public.sellers (id, producer_id, seller_info_id, state) values ('295e8903-fdf6-4b29-9449-2caf760f665e', 'a354ceca-aded-4bef-bac5-fc32d569a9f2', 'ec175903-43b7-4007-981f-cff3ceca7940', 'GREYLISTED');
insert into public.sellers (id, producer_id, seller_info_id, state) values ('acc4c879-c0f7-4cfb-98e7-5da390cd9b90', '0e4a352d-8355-4d6e-a846-58d983416367', 'b6512f0e-c909-439d-bb77-b09f40d9c4ef', 'BLACKLISTED');
insert into public.sellers (id, producer_id, seller_info_id, state) values ('62c46e08-ff76-4958-817b-f5933d597c75', 'd74a907f-21b0-4898-88e0-6796414e8e3c', 'ae86e966-4702-487b-a7bb-ae9fa49bfd34', 'BLACKLISTED');
insert into public.sellers (id, producer_id, seller_info_id, state) values ('8b655a8a-1b64-40b8-9f10-d7d5eccb8f68', '70fa3018-3e82-4884-93e1-bf6bd9e2c5a3', '5fe9bc14-d305-47bc-9caf-306ae701050d', 'BLACKLISTED');
insert into public.sellers (id, producer_id, seller_info_id, state) values ('d6a614fd-5883-4513-9602-c52bf4105aad', 'bfb5b00e-dc89-44d6-889f-00b5424d1e12', '1bd95748-72d6-432f-82b2-0c7a59c45b7c', 'GREYLISTED');
insert into public.sellers (id, producer_id, seller_info_id, state) values ('2553e532-fbcd-4147-a190-b24380d5737b', '058a278f-c6ff-48df-9311-f7d25c487266', '78a0aa79-ed70-43b9-b162-8a90e15e5cef', 'BLACKLISTED');
insert into public.sellers (id, producer_id, seller_info_id, state) values ('7a4faeed-d3da-431c-a735-00cd7c051010', '7fb8001d-e7cc-4fc2-b62a-e6ae653af262', 'ec80ce05-58ff-4f6b-ae09-7b64d721597b', 'WHITELISTED');
insert into public.sellers (id, producer_id, seller_info_id, state) values ('8a972d3b-0d98-47d1-87df-8518cf3b11cb', '4e4a9292-8a21-4aae-b0cf-da9c11d2f19e', 'b9c4aea6-4e53-4dee-900e-a63475c76824', 'BLACKLISTED');
insert into public.sellers (id, producer_id, seller_info_id, state) values ('f4200f70-67b0-411f-8bab-366d5ccf6ae4', 'd70293c8-1512-46c4-8e3d-b48ff5055e1d', '9bfabb97-1bef-4b0d-acd8-7a1683d8826a', 'GREYLISTED');
insert into public.sellers (id, producer_id, seller_info_id, state) values ('1178dc2b-048e-47a6-89a8-2e068a96d2f0', '16f339b2-2446-4649-be25-dbb27c476f06', '641eea6d-dd48-4b2f-9d9c-79c9085b57e7', 'REGULAR');
insert into public.sellers (id, producer_id, seller_info_id, state) values ('916ac7ae-ddae-4c53-8574-f23dab7d61cd', '8e78e024-37e4-47ce-a34b-748aa5198616', 'a3a781b5-aeed-467e-9579-c440fb59088c', 'GREYLISTED');
insert into public.sellers (id, producer_id, seller_info_id, state) values ('4ca1ca3c-9150-4cd1-8f50-831bbff5c205', '2692e27c-6289-4e25-bf4a-c86754f401ac', 'd5cde7ca-252b-416e-bba4-66891d7a170c', 'BLACKLISTED');
insert into public.sellers (id, producer_id, seller_info_id, state) values ('7767715b-ade2-4778-919c-a40d25a8e147', 'ac7f2e45-f9be-4a98-bb8d-3553ab388b71', '5d58c736-7025-41a8-aae4-e72a1afff2c1', 'GREYLISTED');
insert into public.sellers (id, producer_id, seller_info_id, state) values ('fe73464d-7e7a-4cfe-995c-e8507aa02676', '4db03d43-a05e-430c-b1a9-cf191c6d78a7', '74165d04-1c97-46cd-a0fd-0c2d40aa0ffe', 'BLACKLISTED');
insert into public.sellers (id, producer_id, seller_info_id, state) values ('cf9c7f51-ef6d-4faa-9b07-5f34519cfb49', '77871b6d-23b5-417b-95fc-de2052b9d73d', '84ac3e87-3c1f-4ca1-b97d-54a21135b6ff', 'REGULAR');
insert into public.sellers (id, producer_id, seller_info_id, state) values ('b1f39531-361e-4823-ae17-f6732375c0eb', '2c2d2398-ccc0-4658-a32d-2572e832d613', 'e1cc2dc3-e9ec-425d-bc4e-c8ccd79b8f50', 'REGULAR');
insert into public.sellers (id, producer_id, seller_info_id, state) values ('fe03568a-fefa-4a5d-bbca-0de609de27f8', '0807e6ad-26be-42fe-8dcf-d41702ae42b0', 'ec80ce05-58ff-4f6b-ae09-7b64d721597b', 'REGULAR');
insert into public.sellers (id, producer_id, seller_info_id, state) values ('b6407347-e6d4-4371-b35f-f6505f532f48', '43eb75ce-affe-4b27-a4a5-b2883e0d189a', 'bd98b5ba-3a74-44c0-961e-7b02f1a879bb', 'BLACKLISTED');
insert into public.sellers (id, producer_id, seller_info_id, state) values ('c8359546-019c-4974-9c51-142b4a33171a', '4e4a9292-8a21-4aae-b0cf-da9c11d2f19e', '1c28d573-8334-4967-9d4d-9942e6a5ad86', 'BLACKLISTED');
insert into public.sellers (id, producer_id, seller_info_id, state) values ('3261dda6-969b-4b2b-9024-524a8a36ea66', '1b5e318a-0ea2-4723-8006-56cf157ebd0a', '3d5b9315-d450-4838-8b90-661dfb0868d1', 'BLACKLISTED');
insert into public.sellers (id, producer_id, seller_info_id, state) values ('973e5028-4346-4fb8-949e-5a274ec38c8c', '16f339b2-2446-4649-be25-dbb27c476f06', 'a3a781b5-aeed-467e-9579-c440fb59088c', 'BLACKLISTED');
insert into public.sellers (id, producer_id, seller_info_id, state) values ('c35fa60b-3cc9-44c8-aa93-76b5fd1b5423', 'fde190c3-3ec9-4981-af3d-4ab8c5e203fa', 'cfd4edb2-7fc3-4634-a514-d04411a38bdf', 'GREYLISTED');
insert into public.sellers (id, producer_id, seller_info_id, state) values ('907dda2e-89b6-4f8c-b41b-cd0848f8d794', '7fb8001d-e7cc-4fc2-b62a-e6ae653af262', 'ea1685dc-d596-4226-a2b5-4654ce868f10', 'REGULAR');
insert into public.sellers (id, producer_id, seller_info_id, state) values ('045adca9-c64e-4698-acf4-523f2ed5287d', '0807e6ad-26be-42fe-8dcf-d41702ae42b0', '319b4125-6b47-411d-a765-bdb1b4655b29', 'WHITELISTED');
insert into public.sellers (id, producer_id, seller_info_id, state) values ('cc1a46dc-bcd4-4677-b0b7-caab297b1443', '965d794c-add2-474c-ab06-d1e3fc805bc1', '4830662a-fb1a-497a-a1e1-9a452226036d', 'REGULAR');
insert into public.sellers (id, producer_id, seller_info_id, state) values ('137518f8-aeb2-43cb-9252-c4bd9d1547c8', '3a024f20-bc35-4df4-8e95-31a1d4d80f08', 'e411a85e-93fd-4b8e-90ce-28125354d4ae', 'REGULAR');
insert into public.sellers (id, producer_id, seller_info_id, state) values ('8b96c8b0-ebc2-479a-8972-67eb14a8d44c', '0e4a352d-8355-4d6e-a846-58d983416367', 'f589de2e-6f5e-4104-80ed-59c054ed8f39', 'BLACKLISTED');
insert into public.sellers (id, producer_id, seller_info_id, state) values ('1217f5b0-6c7d-42dc-bd60-5305dfab292b', '43eb75ce-affe-4b27-a4a5-b2883e0d189a', '7ca81887-5d6a-4f17-9717-c77e17130236', 'BLACKLISTED');
insert into public.sellers (id, producer_id, seller_info_id, state) values ('8cf8aac9-bded-435f-a678-b079ad44d614', '058a278f-c6ff-48df-9311-f7d25c487266', '0e4fa79b-83f8-47b9-a8b6-8a7dc384ba5f', 'BLACKLISTED');
insert into public.sellers (id, producer_id, seller_info_id, state) values ('d38a641b-8cda-4bbd-91f7-56e5e3c841aa', '671b3aea-5f17-4f09-a7bf-6fbece79e7ad', '1bd95748-72d6-432f-82b2-0c7a59c45b7c', 'BLACKLISTED');
insert into public.sellers (id, producer_id, seller_info_id, state) values ('2b42ad74-a0ea-4c2d-8c6a-b50c26fbbf8f', 'a3337e40-d210-4ce5-bb74-dd3cad2dc6c3', 'af993a9a-bc7c-4376-bf68-abe4d8fd9a75', 'BLACKLISTED');
insert into public.sellers (id, producer_id, seller_info_id, state) values ('ac4a3199-7462-41b8-a21f-4918e3eb5ac7', '1308656c-de6d-432b-8d1b-4e7638fe8e39', 'e5960d15-9c43-4ee9-8b81-b016df1a4206', 'GREYLISTED');
insert into public.sellers (id, producer_id, seller_info_id, state) values ('eb28f362-30af-4d9f-982e-76c336155b3a', '645399d7-d70a-4599-872e-b2a9b4d4925e', '6c9488f5-4df5-4b51-b8b0-e3dcab04c482', 'REGULAR');
insert into public.sellers (id, producer_id, seller_info_id, state) values ('7ddb33bd-273b-4f1f-bd37-b12bd6d95b1f', '73d15f37-5cb3-4860-8410-c1c78d769121', '086bd35c-cdc0-4030-8904-3daaf38aecb4', 'BLACKLISTED');
insert into public.sellers (id, producer_id, seller_info_id, state) values ('417c0a36-a469-4b86-95a1-5e188dfc6046', 'b7284a77-96f3-4ebd-9d5a-7430c17bf794', '63f2e083-9984-46ed-8b7d-54f63d768b0d', 'REGULAR');
insert into public.sellers (id, producer_id, seller_info_id, state) values ('4608c77c-650f-4d84-a3bb-e7cb376be924', '77871b6d-23b5-417b-95fc-de2052b9d73d', 'f589de2e-6f5e-4104-80ed-59c054ed8f39', 'BLACKLISTED');
insert into public.sellers (id, producer_id, seller_info_id, state) values ('b0eb4928-3ccf-43d4-81fa-eb788c0ca0c0', '0fd39dd4-e081-45de-bfe7-5d28ecd44cf3', '36d87ced-c888-49ba-9690-0e6856977a2c', 'REGULAR');
insert into public.sellers (id, producer_id, seller_info_id, state) values ('88b2c45c-beed-4f61-863c-4eb97727f2c5', 'dc16255a-5eac-4102-a054-efe17014954d', '877cc574-99eb-4e7a-b4f9-a83d18288015', 'GREYLISTED');
insert into public.sellers (id, producer_id, seller_info_id, state) values ('aa39cb24-d6cb-4ce7-9b7c-4dd6b3298323', '0297dd2a-54bc-4481-8e94-a52a136d235d', 'a9e5c985-c188-47d2-983e-38c35cc81389', 'BLACKLISTED');
insert into public.sellers (id, producer_id, seller_info_id, state) values ('fc542c38-ba31-43b5-b28d-fceaee64b435', 'bfb5b00e-dc89-44d6-889f-00b5424d1e12', '1c8e0618-75b8-498c-8632-ad8222e85b87', 'BLACKLISTED');
insert into public.sellers (id, producer_id, seller_info_id, state) values ('c1e25d11-c257-47bb-9197-1942f7e14782', 'de4cdbba-9832-42b7-9294-dbbda71fc5fa', 'b636d5a6-0ed9-4bac-bb36-a4491c682e1c', 'WHITELISTED');
insert into public.sellers (id, producer_id, seller_info_id, state) values ('151359d6-f6ab-4e3d-886f-a27473fb7746', 'fdc7836e-3e06-4aad-b1bf-ec9808fbf234', '48b7df8c-77c0-4e00-9773-30d42653fcc2', 'WHITELISTED');
insert into public.sellers (id, producer_id, seller_info_id, state) values ('392b5ff7-0f42-4353-8f70-1d8e635a8cc0', 'c4b95742-15a9-4995-9dfe-ad4b7126547d', 'd34a9701-6002-4452-8f7c-6d2b0f36d4eb', 'GREYLISTED');
insert into public.sellers (id, producer_id, seller_info_id, state) values ('70744963-587c-4ffc-a793-216be4821e64', 'ea3832fd-800f-4531-a839-1544b7c4ef3b', '51637a29-01c3-4ffa-8e37-b2affd103f03', 'REGULAR');
insert into public.sellers (id, producer_id, seller_info_id, state) values ('8c141920-0e20-4ce6-a80a-fee29d35d0c5', 'e7724b7e-2f82-4397-bbe3-471aaaef54b7', '5b178eb3-eb9b-4267-bcba-8b43b28343ae', 'WHITELISTED');
insert into public.sellers (id, producer_id, seller_info_id, state) values ('99a5075f-9bdf-4539-a310-c736c78ffa74', 'fb4a712c-9f15-4b8a-a844-d9b84fe88aa9', '649e0e32-99ae-498c-8143-e36fd208b106', 'GREYLISTED');
insert into public.sellers (id, producer_id, seller_info_id, state) values ('402d3dca-795c-405f-b3d5-48752de4e92f', '4d9493cb-bd98-49cf-9774-87f2559f6d69', 'b651c2a9-95d3-4973-bb06-1724e7ff3711', 'WHITELISTED');
insert into public.sellers (id, producer_id, seller_info_id, state) values ('40ae36da-2665-488f-b1e2-e57dc8c941c6', '6a614b3a-cd85-49b7-b673-425bc8c2f99e', 'e5960d15-9c43-4ee9-8b81-b016df1a4206', 'WHITELISTED');
insert into public.sellers (id, producer_id, seller_info_id, state) values ('482e6b11-cbe2-4abb-8683-70c1ab14eab7', '7fb8001d-e7cc-4fc2-b62a-e6ae653af262', 'd34a9701-6002-4452-8f7c-6d2b0f36d4eb', 'BLACKLISTED');
insert into public.sellers (id, producer_id, seller_info_id, state) values ('c43e2ca2-5724-46e7-99da-9723ccca6e5a', '645399d7-d70a-4599-872e-b2a9b4d4925e', 'df132599-2f47-431d-ac6e-3a3d16d38d65', 'REGULAR');
insert into public.sellers (id, producer_id, seller_info_id, state) values ('94fbd626-ba5c-4032-8d4f-b7d9783607bd', 'a30c7f43-00a6-4009-a01c-3c0fe501b2da', 'a9cc800e-cd4e-40ee-b587-8c5c2835b09f', 'GREYLISTED');
insert into public.sellers (id, producer_id, seller_info_id, state) values ('ef22c6e7-1bd7-4b55-8378-eb31f88fb36b', '8e78e024-37e4-47ce-a34b-748aa5198616', '27775be4-5496-42bb-8d74-561fc3add247', 'BLACKLISTED');
insert into public.sellers (id, producer_id, seller_info_id, state) values ('8599d45f-38ff-43d2-9509-35d850098323', 'b01b1509-28b1-4266-bdca-83ba30a1ea39', '1c8e0618-75b8-498c-8632-ad8222e85b87', 'REGULAR');
insert into public.sellers (id, producer_id, seller_info_id, state) values ('b3d8fa28-3da8-48fb-b665-bbc731fb4887', '1308656c-de6d-432b-8d1b-4e7638fe8e39', '5fe9bc14-d305-47bc-9caf-306ae701050d', 'GREYLISTED');
insert into public.sellers (id, producer_id, seller_info_id, state) values ('27899508-2f20-44ff-ab96-29a4dfd45537', '384d8ac4-8559-41ca-9bf7-f73239832fb2', '2f7ad90a-5a67-4c5b-962e-488adf753bc3', 'BLACKLISTED');
insert into public.sellers (id, producer_id, seller_info_id, state) values ('8ab50031-ec08-4eeb-8f4a-8b5417ca7f27', '384d8ac4-8559-41ca-9bf7-f73239832fb2', 'ec175903-43b7-4007-981f-cff3ceca7940', 'WHITELISTED');
insert into public.sellers (id, producer_id, seller_info_id, state) values ('0f938959-0878-4624-b0aa-b8c372e44e5c', '3a024f20-bc35-4df4-8e95-31a1d4d80f08', 'c8638862-6cef-45bd-afd2-c59784adb4ad', 'REGULAR');
insert into public.sellers (id, producer_id, seller_info_id, state) values ('84c39c1e-27fd-4aa4-887a-a9c3e5c0e2f9', '7b610001-f291-49c2-95a2-7b40a712e34f', 'a9cc800e-cd4e-40ee-b587-8c5c2835b09f', 'REGULAR');
insert into public.sellers (id, producer_id, seller_info_id, state) values ('f079ee5a-6cc9-4882-8fec-b201406f5d5a', '7882de10-c31d-457d-8f14-434363a79c40', '994db43e-2682-4eca-b699-463ccc5d9811', 'GREYLISTED');
insert into public.sellers (id, producer_id, seller_info_id, state) values ('6b3d1820-a966-4542-80c5-8ebee6250b34', 'a3337e40-d210-4ce5-bb74-dd3cad2dc6c3', '5ae0329f-1ffa-4c2a-8749-773a04b6b80b', 'WHITELISTED');
insert into public.sellers (id, producer_id, seller_info_id, state) values ('5b67eb6f-7b25-476b-9193-dd7ba7e2f446', 'cbb881e2-1663-41e8-89bc-5f59da6f0859', 'ec19b55e-94ac-4f78-82b8-5071362d71cc', 'REGULAR');
insert into public.sellers (id, producer_id, seller_info_id, state) values ('377930ed-9304-4089-8eae-408b4c98abd9', '645399d7-d70a-4599-872e-b2a9b4d4925e', '7a65eee1-7555-4497-9fbc-9fd93b6f55db', 'WHITELISTED');
insert into public.sellers (id, producer_id, seller_info_id, state) values ('202a63fa-88e6-4db4-b930-032fa1e14e46', '9f562cd2-9038-4870-a088-ca006df610ce', '21c69ff8-a447-46e2-855e-bb399d134f1c', 'REGULAR');
insert into public.sellers (id, producer_id, seller_info_id, state) values ('bdc832d5-dbdb-4c15-b4b9-f3f78ba1befc', 'f7a0bb9f-b41b-4cd0-8f28-7296d9038f1f', '837a27e9-effe-4aab-8ad4-9bab78cf7d08', 'REGULAR');
insert into public.sellers (id, producer_id, seller_info_id, state) values ('66faffa4-6425-4c86-be2b-272beb96a28d', '5c3e2dd2-a96b-4d43-86bd-84903d1e2160', '1deab9cb-6272-4c97-bb98-e6e6ff67518a', 'WHITELISTED');
insert into public.sellers (id, producer_id, seller_info_id, state) values ('1bbb492a-edf3-4fec-ad0f-f48d1f98f107', '045f4b34-c98a-4f50-bf7b-00120e04f584', '7287f26f-506d-409a-acc0-e41864f4bc9c', 'BLACKLISTED');
insert into public.sellers (id, producer_id, seller_info_id, state) values ('0dd02d9f-95f2-44c5-9f11-5642f457d457', '73d15f37-5cb3-4860-8410-c1c78d769121', 'bd98b5ba-3a74-44c0-961e-7b02f1a879bb', 'REGULAR');
insert into public.sellers (id, producer_id, seller_info_id, state) values ('556e9ebb-ae6b-4214-a6be-1a62251e6d14', 'fde190c3-3ec9-4981-af3d-4ab8c5e203fa', 'de3945df-85df-4329-a6e5-9f963a4922f5', 'GREYLISTED');
insert into public.sellers (id, producer_id, seller_info_id, state) values ('65fe2dfb-8c0a-4384-9710-769f0803d4f2', '8e0835e1-ad2e-4e89-9bd4-869f5d1597e2', '15799759-be97-4b0c-9b2b-6ff55908fe9e', 'BLACKLISTED');
insert into public.sellers (id, producer_id, seller_info_id, state) values ('0d014e87-7297-4ed4-9a1e-63fdd4459abb', '16f339b2-2446-4649-be25-dbb27c476f06', '65d44dd8-b3a0-418b-b71a-56891077fdbc', 'BLACKLISTED');
insert into public.sellers (id, producer_id, seller_info_id, state) values ('df69f3d8-62fe-4147-b438-3d9c27fa94e4', 'b6543870-79fa-4286-b1b8-2491c35b1687', '48b7df8c-77c0-4e00-9773-30d42653fcc2', 'BLACKLISTED');
insert into public.sellers (id, producer_id, seller_info_id, state) values ('98f05c77-b2d7-4806-ac5d-323c720197db', '986cf9a9-987a-4f97-9254-4c2a001a0fd1', '5bc7423f-964d-4b2c-923c-79fba68dd8a3', 'REGULAR');
insert into public.sellers (id, producer_id, seller_info_id, state) values ('d834c75b-4bc2-4f02-9ac7-e0fcfbf2c52f', 'eb008e96-1a21-4e9e-b086-34d8dcae7323', '5b4cb748-fc12-465e-ad3f-ea8dc75ec687', 'WHITELISTED');
insert into public.sellers (id, producer_id, seller_info_id, state) values ('185f5ed7-6f53-45cb-9ce0-bdb2d646ab1f', '4e4a9292-8a21-4aae-b0cf-da9c11d2f19e', 'b6512f0e-c909-439d-bb77-b09f40d9c4ef', 'BLACKLISTED');
insert into public.sellers (id, producer_id, seller_info_id, state) values ('3cd7fe2f-4de3-494e-b539-a495501062a3', 'ea3832fd-800f-4531-a839-1544b7c4ef3b', 'd34a9701-6002-4452-8f7c-6d2b0f36d4eb', 'BLACKLISTED');
insert into public.sellers (id, producer_id, seller_info_id, state) values ('4e74fefa-ec9e-43a9-ac1e-4ac06041edf8', 'b55903f6-9dc8-4af5-9465-fec362b7d9c1', 'ceedd346-d7c3-4c43-a0cf-36ab2ac24244', 'GREYLISTED');
insert into public.sellers (id, producer_id, seller_info_id, state) values ('a9d032ef-3b70-4a40-891e-6eef76fb249b', 'a4be97f9-67a6-4512-9322-1b6e204ed498', 'bb2a123b-c572-4d0e-8b0b-2b6fbe13dfbd', 'REGULAR');
insert into public.sellers (id, producer_id, seller_info_id, state) values ('3916da19-8ac5-42bd-a912-589eafe2f47b', '9f562cd2-9038-4870-a088-ca006df610ce', '607055b1-c10b-4976-a4bd-8e741b7908b0', 'GREYLISTED');
insert into public.sellers (id, producer_id, seller_info_id, state) values ('9e1b5c6b-caba-4ca1-a1df-619287e9ee3e', 'd6be6a06-11d6-42f2-a28f-dba9988afc30', '63b10493-f00d-44a3-abf5-0fa2e78874d8', 'GREYLISTED');
insert into public.sellers (id, producer_id, seller_info_id, state) values ('6dac46c7-10a4-49fb-88ab-e99b921d5331', '4afa9e02-9f2c-48ac-9c46-611cfa339603', '0be005e0-63f7-4078-a744-090c87cfbbaa', 'GREYLISTED');
insert into public.sellers (id, producer_id, seller_info_id, state) values ('efd01c73-6401-4087-a919-e08f25819bee', '256fe989-8c48-4aa4-92f6-f60c66fc9b2f', '1fa8daba-bd1c-45a8-8f1c-31b4b9e0deb9', 'GREYLISTED');
insert into public.sellers (id, producer_id, seller_info_id, state) values ('7c8fa0df-74dd-4e35-9c4e-1245a4951653', 'e7724b7e-2f82-4397-bbe3-471aaaef54b7', '94d306d5-f255-40ab-8cb0-0f70d641c6ff', 'REGULAR');
insert into public.sellers (id, producer_id, seller_info_id, state) values ('06920197-391a-47c8-810c-6f96978557fa', '6a36ba26-a6a8-461e-98d9-5b5bc400d819', 'cfd4edb2-7fc3-4634-a514-d04411a38bdf', 'GREYLISTED');
insert into public.sellers (id, producer_id, seller_info_id, state) values ('7b32d5f4-6caa-436a-8929-cd128d641811', 'eb683198-138c-4111-ab06-3e0df85beef4', '78a0aa79-ed70-43b9-b162-8a90e15e5cef', 'BLACKLISTED');
insert into public.sellers (id, producer_id, seller_info_id, state) values ('7d9a643d-b445-4ae2-acd5-6bca11803026', 'ea3832fd-800f-4531-a839-1544b7c4ef3b', 'b9c4aea6-4e53-4dee-900e-a63475c76824', 'GREYLISTED');
insert into public.sellers (id, producer_id, seller_info_id, state) values ('91102f4f-7a8e-4352-8107-34bc3f04ba5c', '0e4a352d-8355-4d6e-a846-58d983416367', '94d306d5-f255-40ab-8cb0-0f70d641c6ff', 'WHITELISTED');
insert into public.sellers (id, producer_id, seller_info_id, state) values ('e3130285-02b7-4148-ab3e-f9d162d0d07a', '986cf9a9-987a-4f97-9254-4c2a001a0fd1', '5cb719f5-c7c1-44a2-8ec9-5c6c48cd057c', 'REGULAR');
insert into public.sellers (id, producer_id, seller_info_id, state) values ('3914fea1-892d-442e-a04d-53299531dac6', '5c3e2dd2-a96b-4d43-86bd-84903d1e2160', '4830662a-fb1a-497a-a1e1-9a452226036d', 'WHITELISTED');
insert into public.sellers (id, producer_id, seller_info_id, state) values ('2e6795c0-c303-4343-b1b0-ff66acd45964', 'de4cdbba-9832-42b7-9294-dbbda71fc5fa', '9bbfccc7-209e-4939-a060-65ce95f3b043', 'REGULAR');
insert into public.sellers (id, producer_id, seller_info_id, state) values ('3fc9f3e4-0a32-4745-a883-27c89298f5f5', 'a3337e40-d210-4ce5-bb74-dd3cad2dc6c3', '33d4d54f-3354-4c9d-b86a-49123d8dc90a', 'REGULAR');
insert into public.sellers (id, producer_id, seller_info_id, state) values ('39c3cb7a-2c5e-4789-8ee8-a9dc62c438d9', '4d9493cb-bd98-49cf-9774-87f2559f6d69', '268dc9d8-2ce9-46fb-9ad5-33dcf050118d', 'REGULAR');
insert into public.sellers (id, producer_id, seller_info_id, state) values ('42398e2f-0b2a-4f05-baef-02b37a6acdf4', 'cdde1d80-9fc3-41d0-8a5b-217ae0c28dd8', '60937221-01ae-4fdd-8aae-a33f426d593f', 'WHITELISTED');
insert into public.sellers (id, producer_id, seller_info_id, state) values ('c194052a-57b4-4439-bdff-ca542fa190dc', '2c2d2398-ccc0-4658-a32d-2572e832d613', '5d58c736-7025-41a8-aae4-e72a1afff2c1', 'BLACKLISTED');
insert into public.sellers (id, producer_id, seller_info_id, state) values ('f5678ea9-e1ef-4a94-ac92-817f09310446', '4e4a9292-8a21-4aae-b0cf-da9c11d2f19e', 'd5cde7ca-252b-416e-bba4-66891d7a170c', 'WHITELISTED');
insert into public.sellers (id, producer_id, seller_info_id, state) values ('2d670899-f9e9-4283-b1b4-060bbda6c384', '671b3aea-5f17-4f09-a7bf-6fbece79e7ad', '6418770c-98c4-4ce9-b4a1-d976605c057c', 'GREYLISTED');
insert into public.sellers (id, producer_id, seller_info_id, state) values ('07b149bc-2d53-4f49-b8be-c52fe93f67b0', '6bc074a8-27cb-4864-a074-7a851b429601', 'c3d6d473-f250-4ec3-b45c-aada8b812e40', 'BLACKLISTED');
insert into public.sellers (id, producer_id, seller_info_id, state) values ('f28611b8-2e01-4125-9af9-2ad7fde08beb', '6a807f10-d51c-4718-9d7d-d48e80e5dde0', '8cf88cd4-3c1a-4521-83ac-8023b03cafee', 'GREYLISTED');
insert into public.sellers (id, producer_id, seller_info_id, state) values ('67a3c010-d923-4c75-8de9-35d2fdbf104f', '7882de10-c31d-457d-8f14-434363a79c40', '9139ce5b-c124-41f2-aec7-13e713eaf1cc', 'GREYLISTED');
insert into public.sellers (id, producer_id, seller_info_id, state) values ('9331f99d-bf05-4d60-a61f-8c539161c9e4', 'ac7f2e45-f9be-4a98-bb8d-3553ab388b71', 'a66ee03d-c816-49f0-a232-1770ba222503', 'GREYLISTED');
insert into public.sellers (id, producer_id, seller_info_id, state) values ('62aa8e60-6034-4a41-bdde-d469d2b39768', 'ee7feca9-e85f-4f25-ae60-f41f3787f3e7', 'c48f6320-27fe-43cf-bd7e-2930d3487970', 'WHITELISTED');
insert into public.sellers (id, producer_id, seller_info_id, state) values ('69b6082d-b002-4e2b-971a-12ec46b284e2', '058a278f-c6ff-48df-9311-f7d25c487266', 'e6d1ee45-2141-4022-abc4-afd6a3287dd1', 'BLACKLISTED');
insert into public.sellers (id, producer_id, seller_info_id, state) values ('c23935d5-27dd-45ff-aa91-fdae60d5caf7', 'b01b1509-28b1-4266-bdca-83ba30a1ea39', 'bb2a123b-c572-4d0e-8b0b-2b6fbe13dfbd', 'WHITELISTED');
insert into public.sellers (id, producer_id, seller_info_id, state) values ('fded5418-8285-422b-ac17-98406cebab35', '4e4a9292-8a21-4aae-b0cf-da9c11d2f19e', 'b9f94b53-db8a-4904-98c2-f47cd84f4bf3', 'REGULAR');
insert into public.sellers (id, producer_id, seller_info_id, state) values ('97d5ac2a-d6db-4d55-91b0-7e7fbc929adc', 'cbb881e2-1663-41e8-89bc-5f59da6f0859', 'b636d5a6-0ed9-4bac-bb36-a4491c682e1c', 'BLACKLISTED');
insert into public.sellers (id, producer_id, seller_info_id, state) values ('54973905-13ab-406a-9611-c8d259bf37fc', 'e7724b7e-2f82-4397-bbe3-471aaaef54b7', 'cd447fbe-08be-4b67-902f-2fedea664079', 'REGULAR');
insert into public.sellers (id, producer_id, seller_info_id, state) values ('71a38ce7-587d-4ca9-90c5-04087bbc456e', 'afd54bb1-3fac-408a-adcb-e9d01a7d54ae', '8eda7ad9-9f27-46b0-ad91-2e4e0ef7528e', 'WHITELISTED');
insert into public.sellers (id, producer_id, seller_info_id, state) values ('79397574-1263-45e6-bf72-68fef50f5035', 'b7b837e6-aaa3-4142-be76-c957a60d2bbd', 'c48f6320-27fe-43cf-bd7e-2930d3487970', 'WHITELISTED');
insert into public.sellers (id, producer_id, seller_info_id, state) values ('06f3eb19-93a1-4aa3-b5ce-dca56cac1eaf', '624fdd50-63c8-4c68-8bd0-07447f7bdfb7', 'a9cc800e-cd4e-40ee-b587-8c5c2835b09f', 'GREYLISTED');
insert into public.sellers (id, producer_id, seller_info_id, state) values ('7d91a256-1016-4601-8720-a95d28f80cee', '058a278f-c6ff-48df-9311-f7d25c487266', 'f59d5db3-c7ed-4ead-b82e-77e33603d151', 'REGULAR');
insert into public.sellers (id, producer_id, seller_info_id, state) values ('2d8c8eeb-69f7-4184-abc7-5fb58996b807', '0807e6ad-26be-42fe-8dcf-d41702ae42b0', '7bfbed09-1c8a-44e8-a8d6-6d4c4d3e2dce', 'BLACKLISTED');
insert into public.sellers (id, producer_id, seller_info_id, state) values ('a069764e-e59d-4a75-aff9-d610c2467967', '4db03d43-a05e-430c-b1a9-cf191c6d78a7', '994db43e-2682-4eca-b699-463ccc5d9811', 'WHITELISTED');
insert into public.sellers (id, producer_id, seller_info_id, state) values ('df4c8116-d39f-4e2b-8f22-ff7ee12df4dc', '7fd43926-86dc-41bc-9496-a057afbfe76b', 'e0f4b873-914d-44cd-94c4-f12627ba4fb2', 'GREYLISTED');
insert into public.sellers (id, producer_id, seller_info_id, state) values ('491b65ed-d798-4674-acea-2bd3183f4ff2', '0f4f0ea4-e369-4bc8-b343-3755da1222a3', 'cf6a0ecb-2651-42ff-a729-2b4227c02fc0', 'GREYLISTED');
insert into public.sellers (id, producer_id, seller_info_id, state) values ('7863e962-e144-47d8-824e-68a8396eee12', 'e836004d-c8ea-4c0f-83dc-96671d600c9d', 'd25bc36d-bf86-4bbf-9beb-fe11b5d3ebb0', 'REGULAR');
insert into public.sellers (id, producer_id, seller_info_id, state) values ('1062bff2-876d-4a43-850f-aca622662975', 'c57fef97-2efe-450c-854b-70ec9cf0a6e0', 'af993a9a-bc7c-4376-bf68-abe4d8fd9a75', 'GREYLISTED');
insert into public.sellers (id, producer_id, seller_info_id, state) values ('af7283c2-f3c0-4d6c-bf3f-0e0ed24a3c57', '77871b6d-23b5-417b-95fc-de2052b9d73d', 'b53ac80a-2330-4998-b436-3f54b642bdd9', 'WHITELISTED');
insert into public.sellers (id, producer_id, seller_info_id, state) values ('df40a829-76c9-4f2d-8ed4-22da63ff057e', '760fe769-a51c-4140-965c-1f383d69eca1', '798eeaaa-68e1-42d2-bead-f3e2dee6bd34', 'WHITELISTED');
insert into public.sellers (id, producer_id, seller_info_id, state) values ('5eda5a66-b325-4d26-8633-e73b7c0ad0d6', 'b07c65f9-b562-41ea-b177-e205abe93275', '1e3a5180-64a0-41f3-93ce-087be009df1f', 'BLACKLISTED');
insert into public.sellers (id, producer_id, seller_info_id, state) values ('de4d9e42-c6d5-4334-8e7a-1ff8aeda7e2a', 'fde190c3-3ec9-4981-af3d-4ab8c5e203fa', 'ea3a9cb3-9931-4519-bccd-091b3c9eb32c', 'REGULAR');
insert into public.sellers (id, producer_id, seller_info_id, state) values ('5adbd8a8-d0b9-42a7-9f58-5f8ecb135898', '671b3aea-5f17-4f09-a7bf-6fbece79e7ad', '06666035-ab75-462f-9c50-f327b4bd752d', 'GREYLISTED');
insert into public.sellers (id, producer_id, seller_info_id, state) values ('f6d77d73-2988-43ed-bfe0-8e350f61d4f5', 'c472ce72-9508-4ac0-bf53-fc290dc7fa85', '27775be4-5496-42bb-8d74-561fc3add247', 'REGULAR');
insert into public.sellers (id, producer_id, seller_info_id, state) values ('301112e2-d2ea-48af-82d2-f8255b8373e3', 'fd53ba8b-c1bf-4510-953d-47ef9bf994d2', 'e411a85e-93fd-4b8e-90ce-28125354d4ae', 'REGULAR');
insert into public.sellers (id, producer_id, seller_info_id, state) values ('3ba13a35-35fb-4a97-b8b9-f6435854f0b8', 'b7284a77-96f3-4ebd-9d5a-7430c17bf794', '268dc9d8-2ce9-46fb-9ad5-33dcf050118d', 'WHITELISTED');
insert into public.sellers (id, producer_id, seller_info_id, state) values ('581910ec-c047-415e-81ac-3cf5e47f623f', 'fb4a712c-9f15-4b8a-a844-d9b84fe88aa9', 'd25bc36d-bf86-4bbf-9beb-fe11b5d3ebb0', 'GREYLISTED');
insert into public.sellers (id, producer_id, seller_info_id, state) values ('d28e4268-4931-4222-bcfd-6e3fa9830987', 'dc16255a-5eac-4102-a054-efe17014954d', '5ae0329f-1ffa-4c2a-8749-773a04b6b80b', 'WHITELISTED');
insert into public.sellers (id, producer_id, seller_info_id, state) values ('2ee36e56-c173-445c-bbe7-70dd14e29601', 'b7284a77-96f3-4ebd-9d5a-7430c17bf794', 'b9f94b53-db8a-4904-98c2-f47cd84f4bf3', 'REGULAR');
insert into public.sellers (id, producer_id, seller_info_id, state) values ('46d055c9-a81c-43da-bcf6-3ad36b93c9e6', '7882de10-c31d-457d-8f14-434363a79c40', '6c9488f5-4df5-4b51-b8b0-e3dcab04c482', 'GREYLISTED');
insert into public.sellers (id, producer_id, seller_info_id, state) values ('4626d150-8e2f-4d2a-aa6b-92a4ea6080d7', '6a36ba26-a6a8-461e-98d9-5b5bc400d819', '33b9d514-74a0-4cc6-8053-3870046356ba', 'REGULAR');
insert into public.sellers (id, producer_id, seller_info_id, state) values ('c5891bf2-8b71-42fa-b04e-281635fd68cc', 'dc16255a-5eac-4102-a054-efe17014954d', '0be005e0-63f7-4078-a744-090c87cfbbaa', 'GREYLISTED');
insert into public.sellers (id, producer_id, seller_info_id, state) values ('6e7afed7-6e1c-4291-8c85-6df3ccd96338', '70fa3018-3e82-4884-93e1-bf6bd9e2c5a3', '74165d04-1c97-46cd-a0fd-0c2d40aa0ffe', 'REGULAR');
insert into public.sellers (id, producer_id, seller_info_id, state) values ('2aae4a06-edae-45de-b39e-34b6ce6e6f4b', '5771ba06-a4be-43bd-8ef7-d11107a41374', '5716f64f-ed99-4a6b-905b-76361d516a9d', 'WHITELISTED');
insert into public.sellers (id, producer_id, seller_info_id, state) values ('4cc1844d-664e-42e5-9d04-b5cfacae380a', 'ac7f2e45-f9be-4a98-bb8d-3553ab388b71', '5716f64f-ed99-4a6b-905b-76361d516a9d', 'GREYLISTED');
insert into public.sellers (id, producer_id, seller_info_id, state) values ('108be101-00d1-482a-bc36-fa8181e75daa', 'b55903f6-9dc8-4af5-9465-fec362b7d9c1', 'c0252b07-f79d-4d01-be67-14f377e1c512', 'GREYLISTED');
insert into public.sellers (id, producer_id, seller_info_id, state) values ('bb018d09-1da7-43f2-ba11-7cd949b557eb', '7882de10-c31d-457d-8f14-434363a79c40', '5e1e06ff-b413-463f-b4b0-4b313df392b2', 'BLACKLISTED');
insert into public.sellers (id, producer_id, seller_info_id, state) values ('52b80e71-ef2b-4324-9952-fa286527ced8', '4afa9e02-9f2c-48ac-9c46-611cfa339603', '58358323-eb50-4ca9-81e8-47cd659e0f17', 'REGULAR');
insert into public.sellers (id, producer_id, seller_info_id, state) values ('9f02a995-69c2-4e55-9938-e45ecf4c7726', '6a807f10-d51c-4718-9d7d-d48e80e5dde0', 'cf6a0ecb-2651-42ff-a729-2b4227c02fc0', 'BLACKLISTED');
insert into public.sellers (id, producer_id, seller_info_id, state) values ('6f92e888-5c96-49d3-8f47-da5a7ed37cc4', 'a01698b1-2769-4b2a-95c4-fd1c246905ef', 'c0252b07-f79d-4d01-be67-14f377e1c512', 'WHITELISTED');
insert into public.sellers (id, producer_id, seller_info_id, state) values ('9f0e3f5b-8ada-4304-88aa-0dd11459db12', '645399d7-d70a-4599-872e-b2a9b4d4925e', '858c581f-6c53-44e2-9bc5-fa8c502b35b7', 'REGULAR');
insert into public.sellers (id, producer_id, seller_info_id, state) values ('62a62a4d-7178-4fc2-a0fe-17c17929928a', 'c57fef97-2efe-450c-854b-70ec9cf0a6e0', '89a1f844-b129-40b9-abbe-77bf3a4e9cae', 'WHITELISTED');
insert into public.sellers (id, producer_id, seller_info_id, state) values ('269be4d1-569b-4b9f-9d18-9697ec233aa7', '7f87e423-0415-4b81-9e93-f7a5ae613539', '319b4125-6b47-411d-a765-bdb1b4655b29', 'REGULAR');
insert into public.sellers (id, producer_id, seller_info_id, state) values ('cda25d11-843a-4f84-b468-f73b7e8da72f', '91a00b9d-870d-48cf-9d6c-086e364caa31', '6c9488f5-4df5-4b51-b8b0-e3dcab04c482', 'REGULAR');
insert into public.sellers (id, producer_id, seller_info_id, state) values ('2fb52ab4-a401-4bfe-8dcc-755a355f0a00', 'eb008e96-1a21-4e9e-b086-34d8dcae7323', '430e6810-415e-4a89-bb7c-fa7bdfc9ec6a', 'WHITELISTED');
insert into public.sellers (id, producer_id, seller_info_id, state) values ('cf854ed4-34df-470c-95a2-ebfc7bb806a8', '9b2ad672-9134-4f39-a794-1a549920157d', '9ce8707e-d5f8-4bd1-b2c6-6fa24454f6d5', 'GREYLISTED');
insert into public.sellers (id, producer_id, seller_info_id, state) values ('573e718d-934a-49dd-9aa4-39f3a29689f4', '29ea6cda-d5d7-47d7-bb99-310a426fc111', 'ea1685dc-d596-4226-a2b5-4654ce868f10', 'WHITELISTED');
insert into public.sellers (id, producer_id, seller_info_id, state) values ('cdd7fbe9-f253-4955-99a1-b8195537effe', 'fd53ba8b-c1bf-4510-953d-47ef9bf994d2', 'e8351976-555b-48bf-8c26-f25da9fd0bd8', 'GREYLISTED');
insert into public.sellers (id, producer_id, seller_info_id, state) values ('5fb2990b-d07c-4da7-a06d-f526b4e07d32', 'b07c65f9-b562-41ea-b177-e205abe93275', '4feeeeab-1c7b-41b6-8f52-5db9c34cc545', 'WHITELISTED');
insert into public.sellers (id, producer_id, seller_info_id, state) values ('53194665-40ad-4f04-bed1-299ffa488b97', '4afa9e02-9f2c-48ac-9c46-611cfa339603', '2b8ec4a9-7e37-4c6c-a9fa-5467324a94ea', 'REGULAR');
insert into public.sellers (id, producer_id, seller_info_id, state) values ('d34930b3-fe8d-48c8-9734-ff7aa4a8cda8', 'de5087b2-7ed2-4cd4-a62e-db9b4291c87d', '8eda7ad9-9f27-46b0-ad91-2e4e0ef7528e', 'BLACKLISTED');
insert into public.sellers (id, producer_id, seller_info_id, state) values ('e3e253a4-d995-45c1-970a-26ce8031ddec', 'a01698b1-2769-4b2a-95c4-fd1c246905ef', 'cf6a0ecb-2651-42ff-a729-2b4227c02fc0', 'REGULAR');
insert into public.sellers (id, producer_id, seller_info_id, state) values ('d462a34d-5501-49e8-b385-bd0b8faab9e1', '2692e27c-6289-4e25-bf4a-c86754f401ac', 'f57b2bb8-a8dd-4f6c-9e74-ba3d28009ed4', 'BLACKLISTED');
insert into public.sellers (id, producer_id, seller_info_id, state) values ('db31658b-896f-4828-aad0-1d04d614215c', 'fd53ba8b-c1bf-4510-953d-47ef9bf994d2', '63f2e083-9984-46ed-8b7d-54f63d768b0d', 'BLACKLISTED');
insert into public.sellers (id, producer_id, seller_info_id, state) values ('d0ad5237-723a-46d4-ad13-ed910c008159', '9c8fb574-7ed4-478e-bf00-90623ae58c6a', 'b9f94b53-db8a-4904-98c2-f47cd84f4bf3', 'GREYLISTED');
insert into public.sellers (id, producer_id, seller_info_id, state) values ('0d4adc76-00a6-404f-bf0e-fe7853e90b60', 'd7631166-1f6f-4105-99a6-bc1a06301074', '5cb719f5-c7c1-44a2-8ec9-5c6c48cd057c', 'GREYLISTED');
insert into public.sellers (id, producer_id, seller_info_id, state) values ('cf9f25fb-29ba-4ca9-ad32-fcc9f22a34e4', '058a278f-c6ff-48df-9311-f7d25c487266', 'ec19b55e-94ac-4f78-82b8-5071362d71cc', 'BLACKLISTED');
insert into public.sellers (id, producer_id, seller_info_id, state) values ('3cbcd5ba-8acd-4f02-9f44-ce9a730682df', '8922c843-47fa-438d-9eb9-78116f15b058', 'e411a85e-93fd-4b8e-90ce-28125354d4ae', 'GREYLISTED');
insert into public.sellers (id, producer_id, seller_info_id, state) values ('d26ca7c0-d205-435a-b357-242e1507106e', '3a024f20-bc35-4df4-8e95-31a1d4d80f08', 'b6512f0e-c909-439d-bb77-b09f40d9c4ef', 'REGULAR');
insert into public.sellers (id, producer_id, seller_info_id, state) values ('58ad9e76-689a-4982-8174-944d8d9df67b', '2692e27c-6289-4e25-bf4a-c86754f401ac', '58358323-eb50-4ca9-81e8-47cd659e0f17', 'WHITELISTED');
insert into public.sellers (id, producer_id, seller_info_id, state) values ('2ce5ce1f-4f73-49d3-960f-c7807ccbccf0', '384d8ac4-8559-41ca-9bf7-f73239832fb2', '15799759-be97-4b0c-9b2b-6ff55908fe9e', 'WHITELISTED');
insert into public.sellers (id, producer_id, seller_info_id, state) values ('e020e7d7-2acc-46d7-b72e-b78177c574da', '0f4f0ea4-e369-4bc8-b343-3755da1222a3', '1bd95748-72d6-432f-82b2-0c7a59c45b7c', 'GREYLISTED');
insert into public.sellers (id, producer_id, seller_info_id, state) values ('f70d2660-462d-4074-9e23-886b7c0a5108', '4373af1f-94a5-4579-956b-1609cf0eb4d9', 'b9f94b53-db8a-4904-98c2-f47cd84f4bf3', 'REGULAR');
insert into public.sellers (id, producer_id, seller_info_id, state) values ('228639eb-55bd-484d-84d0-537bff774514', '7f24f420-c952-488d-b937-006c36a916fd', 'b651c2a9-95d3-4973-bb06-1724e7ff3711', 'REGULAR');
insert into public.sellers (id, producer_id, seller_info_id, state) values ('00bd3c72-4bb3-4c56-b649-8af4fed3347f', '73d15f37-5cb3-4860-8410-c1c78d769121', 'bfae10ba-023c-4098-aa17-f0ba7682db25', 'BLACKLISTED');
insert into public.sellers (id, producer_id, seller_info_id, state) values ('664d0b81-fc09-4c1b-b3ac-6b79cf8a9fa3', 'de4cdbba-9832-42b7-9294-dbbda71fc5fa', '5b4cb748-fc12-465e-ad3f-ea8dc75ec687', 'REGULAR');
insert into public.sellers (id, producer_id, seller_info_id, state) values ('3241edb0-a082-4b46-adc5-d3dd50f96b5f', 'ea3832fd-800f-4531-a839-1544b7c4ef3b', '98ccc391-a6b5-4d67-ac10-a8f92afd8d5d', 'BLACKLISTED');
insert into public.sellers (id, producer_id, seller_info_id, state) values ('fe46bddd-22eb-4ff7-a5b0-83e0a398b822', 'a4be97f9-67a6-4512-9322-1b6e204ed498', 'ec19b55e-94ac-4f78-82b8-5071362d71cc', 'WHITELISTED');
insert into public.sellers (id, producer_id, seller_info_id, state) values ('a4883838-78b2-49c6-82ac-e7ea55b10619', 'e81a72fa-2a0c-42cf-9a5f-bfe44c95356b', '7a65eee1-7555-4497-9fbc-9fd93b6f55db', 'GREYLISTED');
insert into public.sellers (id, producer_id, seller_info_id, state) values ('f7534b50-ec00-49b6-bfc7-788282dcfba8', 'e7195bfc-fde7-4e95-8e9c-2d1e63f51d66', 'e6d1ee45-2141-4022-abc4-afd6a3287dd1', 'BLACKLISTED');
insert into public.sellers (id, producer_id, seller_info_id, state) values ('3e52476d-476e-4f4d-9f82-3dde8a27657c', 'e81a72fa-2a0c-42cf-9a5f-bfe44c95356b', '2b97b66e-2912-426c-8141-ff78346b333b', 'WHITELISTED');
insert into public.sellers (id, producer_id, seller_info_id, state) values ('4ae102b4-3f0a-4f04-8d49-40a8d394d5ee', '5132f722-fb8d-4e4a-aec8-fde5fc79e3cb', '33d4d54f-3354-4c9d-b86a-49123d8dc90a', 'WHITELISTED');
insert into public.sellers (id, producer_id, seller_info_id, state) values ('c5eefbc5-e150-4f42-85bc-0bc2ee2d8835', 'f4e7f3ee-13f5-45f4-809b-3cbe895b4cb7', 'd9a99af9-1761-4de8-9ce9-29c725e9c894', 'GREYLISTED');
insert into public.sellers (id, producer_id, seller_info_id, state) values ('23570813-d682-499b-9dbf-c2eb5540325e', '624fdd50-63c8-4c68-8bd0-07447f7bdfb7', '8524bd72-04a0-468e-a39e-9609b65458c1', 'BLACKLISTED');
insert into public.sellers (id, producer_id, seller_info_id, state) values ('776c3f8f-4d04-487f-9ba1-844ae9b62c54', '8e0835e1-ad2e-4e89-9bd4-869f5d1597e2', '6437b9b3-e838-4ff9-bcd8-3be1cf5f49fe', 'WHITELISTED');
insert into public.sellers (id, producer_id, seller_info_id, state) values ('fd7e7c63-85f6-4075-9260-200fa264bbcd', 'd74a907f-21b0-4898-88e0-6796414e8e3c', '7a65eee1-7555-4497-9fbc-9fd93b6f55db', 'WHITELISTED');
insert into public.sellers (id, producer_id, seller_info_id, state) values ('308c0c7a-44f5-4849-98cb-0bde856e8f14', '0e4a352d-8355-4d6e-a846-58d983416367', 'df132599-2f47-431d-ac6e-3a3d16d38d65', 'REGULAR');
insert into public.sellers (id, producer_id, seller_info_id, state) values ('2dd6d20b-27dd-4e52-b04d-a4a5808a86aa', '0e4a352d-8355-4d6e-a846-58d983416367', '0fdf28a6-3368-4ba8-b9bc-fe1a583770b6', 'WHITELISTED');
insert into public.sellers (id, producer_id, seller_info_id, state) values ('a43d4621-8770-4c4e-89eb-5d6683400479', 'ea3832fd-800f-4531-a839-1544b7c4ef3b', '78a0aa79-ed70-43b9-b162-8a90e15e5cef', 'BLACKLISTED');
insert into public.sellers (id, producer_id, seller_info_id, state) values ('9c8f99f7-2614-4652-a1fb-d1cfbd3feb23', 'b6543870-79fa-4286-b1b8-2491c35b1687', 'e11958fb-21cc-4778-b4d3-d722787bf6e9', 'WHITELISTED');
insert into public.sellers (id, producer_id, seller_info_id, state) values ('4f2c52aa-43b1-460a-a931-d97e65490f70', 'db735839-af19-4f58-b6ca-01c6737e99a2', 'bfae10ba-023c-4098-aa17-f0ba7682db25', 'REGULAR');
insert into public.sellers (id, producer_id, seller_info_id, state) values ('a1fa4084-b64d-425e-bdb8-5f400fd12450', '8e78e024-37e4-47ce-a34b-748aa5198616', 'c60ccd8a-484f-405f-90f0-82de25de382a', 'REGULAR');
insert into public.sellers (id, producer_id, seller_info_id, state) values ('5d191874-fe46-4365-960d-06597c533eb9', '0297dd2a-54bc-4481-8e94-a52a136d235d', 'f86bbbd0-ea2a-4bbb-a3bf-2c2a1feef9e2', 'REGULAR');
insert into public.sellers (id, producer_id, seller_info_id, state) values ('ca21b0c3-5644-492b-ae37-316c403ace6f', 'a01698b1-2769-4b2a-95c4-fd1c246905ef', '2e09c8f6-dd88-46f7-a476-e8d80973ae2d', 'WHITELISTED');
insert into public.sellers (id, producer_id, seller_info_id, state) values ('1e49555f-b4cd-4105-9e05-eed553f3df6c', '624fdd50-63c8-4c68-8bd0-07447f7bdfb7', '38091567-fd77-4246-a839-3061e5ebece1', 'WHITELISTED');
insert into public.sellers (id, producer_id, seller_info_id, state) values ('9d703979-fdf3-40aa-bdc8-ea1d49e6a2d6', 'a3337e40-d210-4ce5-bb74-dd3cad2dc6c3', '51637a29-01c3-4ffa-8e37-b2affd103f03', 'BLACKLISTED');
insert into public.sellers (id, producer_id, seller_info_id, state) values ('9f495584-15e3-46e6-a154-c2270dc40db3', 'de4cdbba-9832-42b7-9294-dbbda71fc5fa', '561b693e-7c87-4f86-a5b4-a4007c607baf', 'BLACKLISTED');
insert into public.sellers (id, producer_id, seller_info_id, state) values ('2e86923f-f4c4-434b-b6e3-f60d8bdd549d', '256fe989-8c48-4aa4-92f6-f60c66fc9b2f', '3fc3f020-1bff-4f5c-a63b-6331dbbb5897', 'GREYLISTED');
insert into public.sellers (id, producer_id, seller_info_id, state) values ('f1a00526-1daf-4a85-8313-704a1dcdbe9a', '986cf9a9-987a-4f97-9254-4c2a001a0fd1', 'cda815e4-161e-42f7-ae66-04196a0c4742', 'BLACKLISTED');
insert into public.sellers (id, producer_id, seller_info_id, state) values ('33bef99b-1190-46ee-a825-d7af5880891e', 'a4be97f9-67a6-4512-9322-1b6e204ed498', '74165d04-1c97-46cd-a0fd-0c2d40aa0ffe', 'WHITELISTED');
insert into public.sellers (id, producer_id, seller_info_id, state) values ('42972858-ebac-4191-9ce7-3099b231621f', '058a278f-c6ff-48df-9311-f7d25c487266', 'ff41deda-2b65-4b1c-a02f-9369f089ff53', 'WHITELISTED');
insert into public.sellers (id, producer_id, seller_info_id, state) values ('c0c49098-0268-4daf-81cb-e74c4c3d3241', '7f87e423-0415-4b81-9e93-f7a5ae613539', '8e6c8919-475c-4e58-b66b-941e689c3fcc', 'REGULAR');
insert into public.sellers (id, producer_id, seller_info_id, state) values ('2c9bea4e-9559-4146-ae2e-ea5bc18cd201', 'afd54bb1-3fac-408a-adcb-e9d01a7d54ae', 'f55c9201-2573-462b-a7e7-cf48e75d435f', 'GREYLISTED');
insert into public.sellers (id, producer_id, seller_info_id, state) values ('04b418b0-2c2a-4d6b-85bb-eb8f7588c06c', '7b610001-f291-49c2-95a2-7b40a712e34f', 'fd432628-30ca-49a8-9fec-398e7a98be41', 'BLACKLISTED');
insert into public.sellers (id, producer_id, seller_info_id, state) values ('9e3d8fa2-d90b-4e03-a8e6-4ec1a1a5973f', '3742bfcf-af35-4911-a145-618c6b071fdc', 'f9d5860a-96cc-4d09-98be-c4824cd81243', 'GREYLISTED');
insert into public.sellers (id, producer_id, seller_info_id, state) values ('10142cdd-2b41-4814-9e79-36c3a0e311fb', '6bc074a8-27cb-4864-a074-7a851b429601', 'f897c5dd-68a9-41f2-b05a-27d7cb7cd0da', 'GREYLISTED');
insert into public.sellers (id, producer_id, seller_info_id, state) values ('198b3e18-1997-44de-a7f1-aa2078946e33', 'd7631166-1f6f-4105-99a6-bc1a06301074', '561b693e-7c87-4f86-a5b4-a4007c607baf', 'GREYLISTED');
insert into public.sellers (id, producer_id, seller_info_id, state) values ('c1c08f15-4b5e-4718-afe3-a77179e53aea', 'f559083e-0fd7-4658-8d45-c76c7f59ed07', 'e1966fbf-fd29-45ee-a13d-4372f5291f6d', 'WHITELISTED');
insert into public.sellers (id, producer_id, seller_info_id, state) values ('f90f0b19-f22d-43d7-ac6b-79492f658bba', 'e7724b7e-2f82-4397-bbe3-471aaaef54b7', '83557f65-9e1b-4ee1-872e-653b958fdc0b', 'REGULAR');
insert into public.sellers (id, producer_id, seller_info_id, state) values ('bb133d6e-f370-4c5f-af93-a6fa45f7161b', '571f1e7f-47d4-474a-a60e-712cddaa38e2', 'ceedd346-d7c3-4c43-a0cf-36ab2ac24244', 'BLACKLISTED');
insert into public.sellers (id, producer_id, seller_info_id, state) values ('c210928a-58c5-43c7-8f62-efc0fe243f04', '16f339b2-2446-4649-be25-dbb27c476f06', '3fc3f020-1bff-4f5c-a63b-6331dbbb5897', 'GREYLISTED');
insert into public.sellers (id, producer_id, seller_info_id, state) values ('d2460e4e-8e98-4796-af24-2a642c5fb4f3', 'eb683198-138c-4111-ab06-3e0df85beef4', '9139ce5b-c124-41f2-aec7-13e713eaf1cc', 'WHITELISTED');
insert into public.sellers (id, producer_id, seller_info_id, state) values ('0d91cdb5-4a9c-4b03-a51f-8aae8c0f671b', 'a3337e40-d210-4ce5-bb74-dd3cad2dc6c3', '9e4dd621-4d34-4db0-b03f-71525c544b5c', 'GREYLISTED');
insert into public.sellers (id, producer_id, seller_info_id, state) values ('94a9d1c8-b2a9-41e6-ad43-e3bc8ec813b5', 'ac7f2e45-f9be-4a98-bb8d-3553ab388b71', 'e1cc2dc3-e9ec-425d-bc4e-c8ccd79b8f50', 'GREYLISTED');
insert into public.sellers (id, producer_id, seller_info_id, state) values ('4ecf708f-6d35-4ea7-8933-29123fb059a7', 'a4be97f9-67a6-4512-9322-1b6e204ed498', '9dcd74e9-3ecf-46de-a8dc-3f1cdb9cd98d', 'WHITELISTED');
insert into public.sellers (id, producer_id, seller_info_id, state) values ('e527e45f-803d-4c98-b510-253ad1726329', '8597763e-2ea2-4ba5-9ce9-ffe514469f33', '8cf88cd4-3c1a-4521-83ac-8023b03cafee', 'GREYLISTED');
insert into public.sellers (id, producer_id, seller_info_id, state) values ('7b55ec34-fe1b-4688-a75e-949c80ef17f3', 'd6f451b7-5705-4f8a-90eb-fe19250ca47a', '9713bc9b-a86f-4d54-92ed-c5f3bf1b80d5', 'BLACKLISTED');
insert into public.sellers (id, producer_id, seller_info_id, state) values ('f0bd200c-aedf-48f5-8e5f-e9a1539c431d', 'b7b837e6-aaa3-4142-be76-c957a60d2bbd', '4feeeeab-1c7b-41b6-8f52-5db9c34cc545', 'REGULAR');
insert into public.sellers (id, producer_id, seller_info_id, state) values ('601fdc13-164d-450d-bd6f-b9ff3c1fcabe', 'a01698b1-2769-4b2a-95c4-fd1c246905ef', 'd34a9701-6002-4452-8f7c-6d2b0f36d4eb', 'WHITELISTED');
insert into public.sellers (id, producer_id, seller_info_id, state) values ('307a60aa-ea3f-4925-93c8-51660b8f8400', 'fd53ba8b-c1bf-4510-953d-47ef9bf994d2', '1deab9cb-6272-4c97-bb98-e6e6ff67518a', 'GREYLISTED');
insert into public.sellers (id, producer_id, seller_info_id, state) values ('421aef19-14fc-4a65-8075-6787317be40c', 'a30c7f43-00a6-4009-a01c-3c0fe501b2da', '649e0e32-99ae-498c-8143-e36fd208b106', 'WHITELISTED');
insert into public.sellers (id, producer_id, seller_info_id, state) values ('2599ace0-8a24-4b38-8a3e-5c12db7719f0', 'fde190c3-3ec9-4981-af3d-4ab8c5e203fa', '69ecaebe-5a55-48a7-859b-9eab97e6e3c2', 'REGULAR');
insert into public.sellers (id, producer_id, seller_info_id, state) values ('92df3b99-9131-4f4d-ba45-a29fa3c911f4', 'ac7f2e45-f9be-4a98-bb8d-3553ab388b71', '38091567-fd77-4246-a839-3061e5ebece1', 'GREYLISTED');
insert into public.sellers (id, producer_id, seller_info_id, state) values ('29ed8608-81ff-4e6e-a9bb-da9adb7ff1b5', 'a354ceca-aded-4bef-bac5-fc32d569a9f2', 'e37f7db8-194d-48a0-abca-3ea34aa77ddf', 'GREYLISTED');
insert into public.sellers (id, producer_id, seller_info_id, state) values ('868075d5-94df-4bdf-98b3-def5f68292d9', '9438ad21-0c26-4d85-8c24-4aa22b8ca18f', '2a0d2578-fda9-4fe2-8a51-436681853e60', 'BLACKLISTED');
insert into public.sellers (id, producer_id, seller_info_id, state) values ('c68a0c76-fb6e-4491-a41f-6ba3f1332544', '8922c843-47fa-438d-9eb9-78116f15b058', '5e1e06ff-b413-463f-b4b0-4b313df392b2', 'REGULAR');
insert into public.sellers (id, producer_id, seller_info_id, state) values ('ddd7379f-05ac-41a8-8ddc-69c8876479ea', '9c8fb574-7ed4-478e-bf00-90623ae58c6a', '64e79e0c-0cbd-4dbb-8a5a-25f4a3f3d50e', 'BLACKLISTED');
insert into public.sellers (id, producer_id, seller_info_id, state) values ('f5b8eded-dc23-4750-b4fa-81d0965449e1', '384d8ac4-8559-41ca-9bf7-f73239832fb2', 'cd085242-92ef-4061-a598-bc49e7f98960', 'GREYLISTED');
insert into public.sellers (id, producer_id, seller_info_id, state) values ('fbe6c0c9-dabc-4f3d-85c2-367587f2f51a', 'a354ceca-aded-4bef-bac5-fc32d569a9f2', 'ec80ce05-58ff-4f6b-ae09-7b64d721597b', 'REGULAR');
insert into public.sellers (id, producer_id, seller_info_id, state) values ('53e9eeef-970b-4791-9787-8428b032aaab', '8e78e024-37e4-47ce-a34b-748aa5198616', '8e6c8919-475c-4e58-b66b-941e689c3fcc', 'GREYLISTED');
insert into public.sellers (id, producer_id, seller_info_id, state) values ('9c256a36-0598-464a-a5ca-49652f8a132e', 'b55903f6-9dc8-4af5-9465-fec362b7d9c1', '5d39df20-56b6-45eb-8384-159543e6f921', 'GREYLISTED');
insert into public.sellers (id, producer_id, seller_info_id, state) values ('81051adc-2405-4545-bfef-c34785b5cbb2', '624fdd50-63c8-4c68-8bd0-07447f7bdfb7', 'cda815e4-161e-42f7-ae66-04196a0c4742', 'GREYLISTED');
insert into public.sellers (id, producer_id, seller_info_id, state) values ('ec3b0927-6d90-4273-8415-5f39a5edd354', '3a024f20-bc35-4df4-8e95-31a1d4d80f08', '5f63e2b5-4949-4f76-8450-3c8114f5ccb5', 'BLACKLISTED');
insert into public.sellers (id, producer_id, seller_info_id, state) values ('ec8890a8-cad9-4280-a4ec-131747da6fbd', '0f4f0ea4-e369-4bc8-b343-3755da1222a3', 'fd432628-30ca-49a8-9fec-398e7a98be41', 'GREYLISTED');
insert into public.sellers (id, producer_id, seller_info_id, state) values ('526df2e7-b143-4510-9492-fe6ea400ca60', 'f559083e-0fd7-4658-8d45-c76c7f59ed07', 'e1cc2dc3-e9ec-425d-bc4e-c8ccd79b8f50', 'BLACKLISTED');
insert into public.sellers (id, producer_id, seller_info_id, state) values ('0986900a-2a7c-4e21-8bf4-ab01b7adf45a', 'e81a72fa-2a0c-42cf-9a5f-bfe44c95356b', 'e8a00e44-dcba-4f69-a5fe-92c633e7ae21', 'REGULAR');
insert into public.sellers (id, producer_id, seller_info_id, state) values ('23ed06d3-ec5d-4023-a3fb-ecb45eb4d9f0', '5771ba06-a4be-43bd-8ef7-d11107a41374', '5716f64f-ed99-4a6b-905b-76361d516a9d', 'GREYLISTED');
insert into public.sellers (id, producer_id, seller_info_id, state) values ('e86bfe9d-74c2-49d6-938c-a17f865799af', '6bc074a8-27cb-4864-a074-7a851b429601', 'f9d5860a-96cc-4d09-98be-c4824cd81243', 'BLACKLISTED');
insert into public.sellers (id, producer_id, seller_info_id, state) values ('c5cd60e7-c782-4a7c-ac8e-3f8f4d7399c4', 'e7195bfc-fde7-4e95-8e9c-2d1e63f51d66', '15799759-be97-4b0c-9b2b-6ff55908fe9e', 'REGULAR');
insert into public.sellers (id, producer_id, seller_info_id, state) values ('1f9005c7-d1b5-4f9a-8df6-265f5fc5f184', 'cdde1d80-9fc3-41d0-8a5b-217ae0c28dd8', 'e37f7db8-194d-48a0-abca-3ea34aa77ddf', 'GREYLISTED');
insert into public.sellers (id, producer_id, seller_info_id, state) values ('51c9e5e7-c644-49f0-91e7-897a9eed5230', '058a278f-c6ff-48df-9311-f7d25c487266', '86b18420-dbd1-4959-aa1f-54c10f771f86', 'BLACKLISTED');
insert into public.sellers (id, producer_id, seller_info_id, state) values ('a7737256-b429-4b09-930f-4da3dbc26748', '4db03d43-a05e-430c-b1a9-cf191c6d78a7', '5263d347-67bb-43f9-bd53-97cc1935ec38', 'WHITELISTED');
insert into public.sellers (id, producer_id, seller_info_id, state) values ('9cc6635f-1f06-4d3d-9df4-80222106f38f', '6a36ba26-a6a8-461e-98d9-5b5bc400d819', 'e825cbbc-cc83-4120-bcf7-5c5f6beaea40', 'REGULAR');
insert into public.sellers (id, producer_id, seller_info_id, state) values ('4ecfe800-4e55-4997-a3a4-680568686c8f', '8e0835e1-ad2e-4e89-9bd4-869f5d1597e2', '0fdf28a6-3368-4ba8-b9bc-fe1a583770b6', 'WHITELISTED');
insert into public.sellers (id, producer_id, seller_info_id, state) values ('f8b2efe6-b294-4e43-9cd5-d3e4f032957e', '4e4a9292-8a21-4aae-b0cf-da9c11d2f19e', '837a27e9-effe-4aab-8ad4-9bab78cf7d08', 'WHITELISTED');
insert into public.sellers (id, producer_id, seller_info_id, state) values ('faf4e160-2859-4fc1-9127-af173ae9a042', '0fd39dd4-e081-45de-bfe7-5d28ecd44cf3', '5ac7a6a4-ec99-40ce-9d4d-29f382e9d3d3', 'GREYLISTED');
insert into public.sellers (id, producer_id, seller_info_id, state) values ('0082fe03-207b-43ff-ad65-eeea7a7ff2d2', 'd6be6a06-11d6-42f2-a28f-dba9988afc30', 'cf5c9530-8ed7-4ba7-a9af-7250b6dc0406', 'BLACKLISTED');
insert into public.sellers (id, producer_id, seller_info_id, state) values ('2ebfbcb8-11a2-41bb-b937-ac0f96647d67', '986cf9a9-987a-4f97-9254-4c2a001a0fd1', '561b693e-7c87-4f86-a5b4-a4007c607baf', 'REGULAR');
insert into public.sellers (id, producer_id, seller_info_id, state) values ('177244bb-0c7f-4038-ac5f-069fd982944f', '256fe989-8c48-4aa4-92f6-f60c66fc9b2f', 'c4d5148a-dd7f-4729-a7f6-0acaf92a79bd', 'WHITELISTED');
insert into public.sellers (id, producer_id, seller_info_id, state) values ('adc41299-25bd-4731-8549-b985d3d60a2a', 'd6f451b7-5705-4f8a-90eb-fe19250ca47a', 'de3945df-85df-4329-a6e5-9f963a4922f5', 'WHITELISTED');
insert into public.sellers (id, producer_id, seller_info_id, state) values ('5bd321be-64d7-4988-948e-d59f66f01eaa', 'b6543870-79fa-4286-b1b8-2491c35b1687', '89a1f844-b129-40b9-abbe-77bf3a4e9cae', 'WHITELISTED');
insert into public.sellers (id, producer_id, seller_info_id, state) values ('d697da0b-014e-4d7c-aa72-4796837b543a', 'b7284a77-96f3-4ebd-9d5a-7430c17bf794', 'df132599-2f47-431d-ac6e-3a3d16d38d65', 'GREYLISTED');
insert into public.sellers (id, producer_id, seller_info_id, state) values ('38e70b92-3f4a-4e53-bdd9-27f15c454027', '70fa3018-3e82-4884-93e1-bf6bd9e2c5a3', 'b6512f0e-c909-439d-bb77-b09f40d9c4ef', 'WHITELISTED');
insert into public.sellers (id, producer_id, seller_info_id, state) values ('a406ca74-72a2-4930-a321-8e562ae728ff', 'fb4a712c-9f15-4b8a-a844-d9b84fe88aa9', 'ec175903-43b7-4007-981f-cff3ceca7940', 'WHITELISTED');
insert into public.sellers (id, producer_id, seller_info_id, state) values ('a6815e43-7f43-4224-815f-80c5570ff2b5', 'b7284a77-96f3-4ebd-9d5a-7430c17bf794', 'd2f93d54-b897-40aa-9ca2-a2d04777368c', 'REGULAR');
insert into public.sellers (id, producer_id, seller_info_id, state) values ('67dd635e-a5a6-4696-a468-568eee92999b', 'f4e7f3ee-13f5-45f4-809b-3cbe895b4cb7', 'f7f2ebbe-c1c9-46cf-bb9c-1809c5d5978e', 'WHITELISTED');
insert into public.sellers (id, producer_id, seller_info_id, state) values ('ef999832-e49a-496c-8264-b8939591db67', '7fd43926-86dc-41bc-9496-a057afbfe76b', '58358323-eb50-4ca9-81e8-47cd659e0f17', 'WHITELISTED');
insert into public.sellers (id, producer_id, seller_info_id, state) values ('66aea683-448f-4179-bdb8-246384184634', 'a01698b1-2769-4b2a-95c4-fd1c246905ef', 'e5960d15-9c43-4ee9-8b81-b016df1a4206', 'GREYLISTED');
insert into public.sellers (id, producer_id, seller_info_id, state) values ('1bc41a8f-4244-4e51-ac5a-8980031c8e85', '887f6429-963c-479e-858c-1ada06bd224a', '9ce8707e-d5f8-4bd1-b2c6-6fa24454f6d5', 'WHITELISTED');
insert into public.sellers (id, producer_id, seller_info_id, state) values ('6e8030e7-a247-4d9e-9178-0acd1d9b8330', '965d794c-add2-474c-ab06-d1e3fc805bc1', '9e69a95c-958e-480c-98f0-79786a51e637', 'GREYLISTED');
insert into public.sellers (id, producer_id, seller_info_id, state) values ('0f210f29-1d2e-408d-bdcf-0249cffb8c71', 'e81a72fa-2a0c-42cf-9a5f-bfe44c95356b', 'acdf1c8c-338e-4f05-b6a7-9e390ae547f9', 'REGULAR');
insert into public.sellers (id, producer_id, seller_info_id, state) values ('63aee6f7-01fa-449c-a258-17b516724724', '887f6429-963c-479e-858c-1ada06bd224a', '7256b9da-840e-4f05-878f-af8dadb8a632', 'WHITELISTED');
insert into public.sellers (id, producer_id, seller_info_id, state) values ('901010a8-44c4-4498-8fd6-3f300bae699e', '7fd43926-86dc-41bc-9496-a057afbfe76b', '8524bd72-04a0-468e-a39e-9609b65458c1', 'REGULAR');
insert into public.sellers (id, producer_id, seller_info_id, state) values ('d2568821-0b3c-4c52-bacc-e52c9923ad79', '9237e2d3-5942-446c-88f8-e55198f51395', 'ea1685dc-d596-4226-a2b5-4654ce868f10', 'REGULAR');
insert into public.sellers (id, producer_id, seller_info_id, state) values ('73710a8d-3e38-4b02-914b-d90612a3dec4', 'b55903f6-9dc8-4af5-9465-fec362b7d9c1', 'cfd4edb2-7fc3-4634-a514-d04411a38bdf', 'REGULAR');
insert into public.sellers (id, producer_id, seller_info_id, state) values ('8e3cfac2-03ce-403f-bc97-dc7d0b3364d7', 'b7284a77-96f3-4ebd-9d5a-7430c17bf794', '798eeaaa-68e1-42d2-bead-f3e2dee6bd34', 'BLACKLISTED');
insert into public.sellers (id, producer_id, seller_info_id, state) values ('533d6419-ff02-4f45-8b85-0dcce45c7f0f', '0fd39dd4-e081-45de-bfe7-5d28ecd44cf3', '74165d04-1c97-46cd-a0fd-0c2d40aa0ffe', 'REGULAR');
insert into public.sellers (id, producer_id, seller_info_id, state) values ('e981636a-962d-4d63-8839-5d830c9481ea', 'de5087b2-7ed2-4cd4-a62e-db9b4291c87d', '9e4dd621-4d34-4db0-b03f-71525c544b5c', 'WHITELISTED');
insert into public.sellers (id, producer_id, seller_info_id, state) values ('2a844d0b-fff5-42b9-96af-ab8f2c40c784', '9438ad21-0c26-4d85-8c24-4aa22b8ca18f', 'b651c2a9-95d3-4973-bb06-1724e7ff3711', 'REGULAR');
insert into public.sellers (id, producer_id, seller_info_id, state) values ('f7be0a15-43cd-45fe-92c5-fedd192d2371', 'e7724b7e-2f82-4397-bbe3-471aaaef54b7', 'cda815e4-161e-42f7-ae66-04196a0c4742', 'GREYLISTED');
insert into public.sellers (id, producer_id, seller_info_id, state) values ('919d185e-6127-4b7f-963e-7d89f7f5839d', 'a3337e40-d210-4ce5-bb74-dd3cad2dc6c3', '0b184d5f-736a-4acd-8ba4-5dbe12e33d22', 'REGULAR');
insert into public.sellers (id, producer_id, seller_info_id, state) values ('aab4b3e5-fba8-4b53-bc64-639dbb978c37', 'fb4a712c-9f15-4b8a-a844-d9b84fe88aa9', 'a3a781b5-aeed-467e-9579-c440fb59088c', 'BLACKLISTED');
insert into public.sellers (id, producer_id, seller_info_id, state) values ('618d8402-18c8-44af-b576-4e6d7b5d43d1', 'd70293c8-1512-46c4-8e3d-b48ff5055e1d', 'cd447fbe-08be-4b67-902f-2fedea664079', 'BLACKLISTED');
insert into public.sellers (id, producer_id, seller_info_id, state) values ('bc4bdcb0-41a3-4b95-911c-4b688edf91c4', '29ea6cda-d5d7-47d7-bb99-310a426fc111', '877cc574-99eb-4e7a-b4f9-a83d18288015', 'REGULAR');
insert into public.sellers (id, producer_id, seller_info_id, state) values ('ecef1dd3-64c9-4bf6-893c-eaf8852161e0', 'b6543870-79fa-4286-b1b8-2491c35b1687', '5cb719f5-c7c1-44a2-8ec9-5c6c48cd057c', 'WHITELISTED');
insert into public.sellers (id, producer_id, seller_info_id, state) values ('fe89f903-1e7a-4f76-9e59-9b22535dcb1b', '624fdd50-63c8-4c68-8bd0-07447f7bdfb7', 'c2e56770-8483-41db-99ec-410a50bdeea5', 'WHITELISTED');
insert into public.sellers (id, producer_id, seller_info_id, state) values ('f70540d5-77c9-46e0-a6b4-34e0f0a89cb3', '6bc074a8-27cb-4864-a074-7a851b429601', '648c6a9c-2166-4890-bb2c-df107f4e9310', 'GREYLISTED');
insert into public.sellers (id, producer_id, seller_info_id, state) values ('e4340ade-208d-4743-aa93-e3d9d580c21a', 'c472ce72-9508-4ac0-bf53-fc290dc7fa85', '7941ce45-a42f-4d6f-99bb-b0e9d51bec25', 'GREYLISTED');
insert into public.sellers (id, producer_id, seller_info_id, state) values ('8bf524b9-5caf-4fef-b9ed-e74733a72c55', 'fdc7836e-3e06-4aad-b1bf-ec9808fbf234', '83557f65-9e1b-4ee1-872e-653b958fdc0b', 'REGULAR');
insert into public.sellers (id, producer_id, seller_info_id, state) values ('c198c27a-fe7a-495a-9112-c6d5efe4d4b3', '8597763e-2ea2-4ba5-9ce9-ffe514469f33', '3d5b9315-d450-4838-8b90-661dfb0868d1', 'WHITELISTED');
insert into public.sellers (id, producer_id, seller_info_id, state) values ('65c75b9e-59df-4eb0-ad9a-35ddcd9b3f4e', '571f1e7f-47d4-474a-a60e-712cddaa38e2', 'e6dfae20-3ec9-4069-8fbf-afad3f43cb54', 'BLACKLISTED');
insert into public.sellers (id, producer_id, seller_info_id, state) values ('29dae606-633d-4608-909c-63578882ad8d', '624fdd50-63c8-4c68-8bd0-07447f7bdfb7', '0b184d5f-736a-4acd-8ba4-5dbe12e33d22', 'WHITELISTED');
insert into public.sellers (id, producer_id, seller_info_id, state) values ('d0ecc601-97f9-41d2-ab9a-49b092b4501b', 'b6543870-79fa-4286-b1b8-2491c35b1687', '028e11af-c84c-4c2f-bb0d-37a8730fa14a', 'REGULAR');
insert into public.sellers (id, producer_id, seller_info_id, state) values ('4731aecc-1ea8-49e8-82ed-2dea827bc7fb', 'cbb881e2-1663-41e8-89bc-5f59da6f0859', '641eea6d-dd48-4b2f-9d9c-79c9085b57e7', 'WHITELISTED');
insert into public.sellers (id, producer_id, seller_info_id, state) values ('515f3a79-cd3a-420a-8d17-79184ef772d6', 'eb008e96-1a21-4e9e-b086-34d8dcae7323', 'f57b2bb8-a8dd-4f6c-9e74-ba3d28009ed4', 'BLACKLISTED');
insert into public.sellers (id, producer_id, seller_info_id, state) values ('121265a0-f5c6-4a6a-a81c-ab0747ca7131', 'a4be97f9-67a6-4512-9322-1b6e204ed498', '58358323-eb50-4ca9-81e8-47cd659e0f17', 'BLACKLISTED');
insert into public.sellers (id, producer_id, seller_info_id, state) values ('913be9f9-6f79-4041-905f-548f728b6c28', 'b07c65f9-b562-41ea-b177-e205abe93275', '5b178eb3-eb9b-4267-bcba-8b43b28343ae', 'REGULAR');
insert into public.sellers (id, producer_id, seller_info_id, state) values ('57b203c7-a40c-40bb-8f1a-31e1c9a667c8', '7fd43926-86dc-41bc-9496-a057afbfe76b', 'ca3f3cff-533b-4f15-b2c2-2373717b0894', 'REGULAR');
insert into public.sellers (id, producer_id, seller_info_id, state) values ('4bdd67e2-6fd6-4b1e-8923-9f494fb9913d', '16f339b2-2446-4649-be25-dbb27c476f06', '8e6c8919-475c-4e58-b66b-941e689c3fcc', 'WHITELISTED');
insert into public.sellers (id, producer_id, seller_info_id, state) values ('34ea2430-d579-46dc-8969-ddb119a905fd', 'afd54bb1-3fac-408a-adcb-e9d01a7d54ae', 'bfae10ba-023c-4098-aa17-f0ba7682db25', 'WHITELISTED');
insert into public.sellers (id, producer_id, seller_info_id, state) values ('a31d1e3c-bfe7-44d3-a374-5a4e012b3d24', '624fdd50-63c8-4c68-8bd0-07447f7bdfb7', 'e8a00e44-dcba-4f69-a5fe-92c633e7ae21', 'BLACKLISTED');
insert into public.sellers (id, producer_id, seller_info_id, state) values ('9782a7ef-cf2d-4ca2-8082-70ecb432e24b', '3a024f20-bc35-4df4-8e95-31a1d4d80f08', '5ae0329f-1ffa-4c2a-8749-773a04b6b80b', 'BLACKLISTED');
insert into public.sellers (id, producer_id, seller_info_id, state) values ('72a95168-4222-43ca-9078-95dc90860dd8', 'fdc7836e-3e06-4aad-b1bf-ec9808fbf234', 'acdf1c8c-338e-4f05-b6a7-9e390ae547f9', 'REGULAR');
insert into public.sellers (id, producer_id, seller_info_id, state) values ('f1c31426-0da7-4134-aa30-8132bc1009f1', 'a30c7f43-00a6-4009-a01c-3c0fe501b2da', '21c69ff8-a447-46e2-855e-bb399d134f1c', 'REGULAR');
insert into public.sellers (id, producer_id, seller_info_id, state) values ('04856245-3cb2-49b5-bc42-394197dbe3e3', '7f24f420-c952-488d-b937-006c36a916fd', '0fdf28a6-3368-4ba8-b9bc-fe1a583770b6', 'REGULAR');
insert into public.sellers (id, producer_id, seller_info_id, state) values ('2e2e9670-4437-4152-b911-e7068b670b68', 'fd53ba8b-c1bf-4510-953d-47ef9bf994d2', '032e5d72-2bce-4eb2-afb7-ecb4b561ac11', 'GREYLISTED');
insert into public.sellers (id, producer_id, seller_info_id, state) values ('274e348c-5711-4963-962b-d432b588a634', '77871b6d-23b5-417b-95fc-de2052b9d73d', '268dc9d8-2ce9-46fb-9ad5-33dcf050118d', 'WHITELISTED');
insert into public.sellers (id, producer_id, seller_info_id, state) values ('7b3a41e9-4b63-44bc-84a5-707fc7e9fc75', 'fde190c3-3ec9-4981-af3d-4ab8c5e203fa', 'e9e2ac2d-6aba-499d-a7d9-4400b1553e39', 'REGULAR');
insert into public.sellers (id, producer_id, seller_info_id, state) values ('8afabc19-5d80-4e13-adfe-3938fc4a2413', '2692e27c-6289-4e25-bf4a-c86754f401ac', 'f9d5860a-96cc-4d09-98be-c4824cd81243', 'WHITELISTED');
insert into public.sellers (id, producer_id, seller_info_id, state) values ('acba8fd9-3b29-4684-ae1b-ff0e3942502c', '0fd39dd4-e081-45de-bfe7-5d28ecd44cf3', '22ce1ecd-d61e-44d5-a5db-39676e0758aa', 'BLACKLISTED');
insert into public.sellers (id, producer_id, seller_info_id, state) values ('cf6b1bd9-19f7-420f-9670-47a6148c0924', '2c2d2398-ccc0-4658-a32d-2572e832d613', '8524bd72-04a0-468e-a39e-9609b65458c1', 'BLACKLISTED');
insert into public.sellers (id, producer_id, seller_info_id, state) values ('6519e07b-d24a-4256-b3be-710691aa2b61', 'e81a72fa-2a0c-42cf-9a5f-bfe44c95356b', 'c0252b07-f79d-4d01-be67-14f377e1c512', 'WHITELISTED');
insert into public.sellers (id, producer_id, seller_info_id, state) values ('5bb60a1b-c3dd-43f3-a9ec-7eb734c8402b', 'b07c65f9-b562-41ea-b177-e205abe93275', '64e79e0c-0cbd-4dbb-8a5a-25f4a3f3d50e', 'GREYLISTED');
insert into public.sellers (id, producer_id, seller_info_id, state) values ('bb158b52-eb8b-46af-8b2c-bed10ef69faf', '384d8ac4-8559-41ca-9bf7-f73239832fb2', '5fe9bc14-d305-47bc-9caf-306ae701050d', 'REGULAR');
insert into public.sellers (id, producer_id, seller_info_id, state) values ('15b226d0-a89c-428d-849c-8ab15feb52d0', 'de5087b2-7ed2-4cd4-a62e-db9b4291c87d', '877cc574-99eb-4e7a-b4f9-a83d18288015', 'WHITELISTED');
insert into public.sellers (id, producer_id, seller_info_id, state) values ('75d43d95-3b8b-4c0c-a9ea-14053e96e8a2', 'c472ce72-9508-4ac0-bf53-fc290dc7fa85', '9713bc9b-a86f-4d54-92ed-c5f3bf1b80d5', 'BLACKLISTED');
insert into public.sellers (id, producer_id, seller_info_id, state) values ('c33397e9-8336-4883-b559-ee70fb1f0d40', '43eb75ce-affe-4b27-a4a5-b2883e0d189a', 'b636d5a6-0ed9-4bac-bb36-a4491c682e1c', 'WHITELISTED');
insert into public.sellers (id, producer_id, seller_info_id, state) values ('ccba1ebe-79bf-418b-8b23-e11118076e99', 'b55903f6-9dc8-4af5-9465-fec362b7d9c1', 'f897c5dd-68a9-41f2-b05a-27d7cb7cd0da', 'GREYLISTED');
insert into public.sellers (id, producer_id, seller_info_id, state) values ('50ed0a02-6f9a-41fb-b2b8-70428a3ef377', 'f7a0bb9f-b41b-4cd0-8f28-7296d9038f1f', 'ea3a9cb3-9931-4519-bccd-091b3c9eb32c', 'REGULAR');
insert into public.sellers (id, producer_id, seller_info_id, state) values ('a6f5fb43-09db-4102-bee8-6499f252f632', '1b5e318a-0ea2-4723-8006-56cf157ebd0a', '9564f7f1-c217-4b03-b251-25b1ee3571be', 'GREYLISTED');
insert into public.sellers (id, producer_id, seller_info_id, state) values ('29ff0d67-e9d1-4621-a49d-76bafdfda2d4', 'c4b95742-15a9-4995-9dfe-ad4b7126547d', 'd72b3eca-e82f-4072-bd6f-90455d940daa', 'WHITELISTED');
insert into public.sellers (id, producer_id, seller_info_id, state) values ('1bb17106-4c43-4d42-8947-391d483be551', '0297dd2a-54bc-4481-8e94-a52a136d235d', 'af993a9a-bc7c-4376-bf68-abe4d8fd9a75', 'REGULAR');
insert into public.sellers (id, producer_id, seller_info_id, state) values ('ff99bd47-8c77-4214-98ca-0ca4b2b14279', '887f6429-963c-479e-858c-1ada06bd224a', '2f7ad90a-5a67-4c5b-962e-488adf753bc3', 'REGULAR');
insert into public.sellers (id, producer_id, seller_info_id, state) values ('5236dc52-3343-4cc7-9aad-01c29b65a593', 'fd53ba8b-c1bf-4510-953d-47ef9bf994d2', 'de4dbaa9-1bef-43ee-a8fe-0d15c1cf5be9', 'BLACKLISTED');
insert into public.sellers (id, producer_id, seller_info_id, state) values ('e4b211a5-bc0b-409a-ae93-1e4eb59a0c4a', 'f7a0bb9f-b41b-4cd0-8f28-7296d9038f1f', 'c85fbfc6-0cf2-42c8-a7bb-00e8eb8532e7', 'REGULAR');
insert into public.sellers (id, producer_id, seller_info_id, state) values ('6806f9a6-0a24-4cfb-a52c-ff6de6067c42', '045f4b34-c98a-4f50-bf7b-00120e04f584', 'd5cde7ca-252b-416e-bba4-66891d7a170c', 'WHITELISTED');
insert into public.sellers (id, producer_id, seller_info_id, state) values ('70d30658-bb6b-486d-bc2c-5d82132d5f17', 'de5087b2-7ed2-4cd4-a62e-db9b4291c87d', '9ad97538-6dba-4dc7-8c17-7f157303d82c', 'WHITELISTED');
insert into public.sellers (id, producer_id, seller_info_id, state) values ('ade75f35-66d6-48c9-a232-2877eac998d7', '7f24f420-c952-488d-b937-006c36a916fd', '5e1e06ff-b413-463f-b4b0-4b313df392b2', 'WHITELISTED');
insert into public.sellers (id, producer_id, seller_info_id, state) values ('3011c79f-b389-4ae4-9ccf-55260926bedb', '4db03d43-a05e-430c-b1a9-cf191c6d78a7', 'f59d5db3-c7ed-4ead-b82e-77e33603d151', 'WHITELISTED');
insert into public.sellers (id, producer_id, seller_info_id, state) values ('16f474e1-25c3-4973-a0df-ef39b10af1d5', '671b3aea-5f17-4f09-a7bf-6fbece79e7ad', '32a8565d-d3b0-4fa6-a823-391e91278747', 'REGULAR');
insert into public.sellers (id, producer_id, seller_info_id, state) values ('86c78dfe-f5f2-4e84-95d1-c286bb2337cd', '9b2ad672-9134-4f39-a794-1a549920157d', '33b9d514-74a0-4cc6-8053-3870046356ba', 'REGULAR');
insert into public.sellers (id, producer_id, seller_info_id, state) values ('7c8b5f4d-fd67-4a48-a443-024450981cf6', '2c2d2398-ccc0-4658-a32d-2572e832d613', '89a1f844-b129-40b9-abbe-77bf3a4e9cae', 'WHITELISTED');
insert into public.sellers (id, producer_id, seller_info_id, state) values ('415b839c-1ad4-42f5-9f27-d3fcd8c84450', 'd74a907f-21b0-4898-88e0-6796414e8e3c', '65d44dd8-b3a0-418b-b71a-56891077fdbc', 'WHITELISTED');
insert into public.sellers (id, producer_id, seller_info_id, state) values ('638dfa52-5910-4e2e-9765-50c8b24e79a1', '7b610001-f291-49c2-95a2-7b40a712e34f', 'e0f4b873-914d-44cd-94c4-f12627ba4fb2', 'WHITELISTED');
insert into public.sellers (id, producer_id, seller_info_id, state) values ('aa64fa1d-83d4-47dc-bb58-e74c8099cc21', '2c2d2398-ccc0-4658-a32d-2572e832d613', '38091567-fd77-4246-a839-3061e5ebece1', 'REGULAR');
insert into public.sellers (id, producer_id, seller_info_id, state) values ('56348c06-9255-4e19-8728-ab6b826283a7', 'dc16255a-5eac-4102-a054-efe17014954d', 'd1e9ba58-750f-49ec-a2a8-7fd6a1b65a8e', 'REGULAR');
insert into public.sellers (id, producer_id, seller_info_id, state) values ('13bfce1d-ec6b-4ca7-9858-da683b2a8669', '1308656c-de6d-432b-8d1b-4e7638fe8e39', 'e1966fbf-fd29-45ee-a13d-4372f5291f6d', 'GREYLISTED');
insert into public.sellers (id, producer_id, seller_info_id, state) values ('fb266517-7f68-45a9-8e27-c6edccd0bf5e', 'afd54bb1-3fac-408a-adcb-e9d01a7d54ae', 'f55c9201-2573-462b-a7e7-cf48e75d435f', 'REGULAR');
insert into public.sellers (id, producer_id, seller_info_id, state) values ('3b9e0141-9ada-4c36-8f3a-8f427a9c6649', '16f339b2-2446-4649-be25-dbb27c476f06', '994db43e-2682-4eca-b699-463ccc5d9811', 'GREYLISTED');
insert into public.sellers (id, producer_id, seller_info_id, state) values ('59cc7473-9842-4ba3-95e1-04629a312ec8', '6a36ba26-a6a8-461e-98d9-5b5bc400d819', 'b41fe4f4-9692-407e-aa5d-1fb2a4ee693a', 'BLACKLISTED');
insert into public.sellers (id, producer_id, seller_info_id, state) values ('e0b62578-6878-47cc-8e30-f9540422b714', 'b6543870-79fa-4286-b1b8-2491c35b1687', '9ce8707e-d5f8-4bd1-b2c6-6fa24454f6d5', 'BLACKLISTED');
insert into public.sellers (id, producer_id, seller_info_id, state) values ('024f20e4-2b76-4fc1-94b4-dbfcaf740f23', '384d8ac4-8559-41ca-9bf7-f73239832fb2', '2e08526c-9d7c-4ec0-a373-f94858e604b3', 'WHITELISTED');
insert into public.sellers (id, producer_id, seller_info_id, state) values ('5f422870-c09e-4cb5-b56a-8ab8f492458a', '2692e27c-6289-4e25-bf4a-c86754f401ac', '649e0e32-99ae-498c-8143-e36fd208b106', 'GREYLISTED');
insert into public.sellers (id, producer_id, seller_info_id, state) values ('357a771d-ae8b-4258-b6f8-99a2a59fb92a', 'c57fef97-2efe-450c-854b-70ec9cf0a6e0', 'de4dbaa9-1bef-43ee-a8fe-0d15c1cf5be9', 'BLACKLISTED');
insert into public.sellers (id, producer_id, seller_info_id, state) values ('b567b1f2-216a-4ccd-8a21-c58ba669c55c', '9237e2d3-5942-446c-88f8-e55198f51395', '0fdf28a6-3368-4ba8-b9bc-fe1a583770b6', 'BLACKLISTED');
insert into public.sellers (id, producer_id, seller_info_id, state) values ('4332b688-8b96-4ea9-a95b-d47066087d29', 'de4cdbba-9832-42b7-9294-dbbda71fc5fa', 'f59d5db3-c7ed-4ead-b82e-77e33603d151', 'WHITELISTED');
insert into public.sellers (id, producer_id, seller_info_id, state) values ('40bb4363-f55c-4b35-a0a4-1561c3751f49', 'd70293c8-1512-46c4-8e3d-b48ff5055e1d', '858c581f-6c53-44e2-9bc5-fa8c502b35b7', 'GREYLISTED');
insert into public.sellers (id, producer_id, seller_info_id, state) values ('0692c561-1bf9-4f5c-a0b8-585febb42041', '7882de10-c31d-457d-8f14-434363a79c40', '0be005e0-63f7-4078-a744-090c87cfbbaa', 'REGULAR');
insert into public.sellers (id, producer_id, seller_info_id, state) values ('92995fb2-f9cb-488c-8b57-5a7df74285fc', '70fa3018-3e82-4884-93e1-bf6bd9e2c5a3', '3fc3f020-1bff-4f5c-a63b-6331dbbb5897', 'BLACKLISTED');
insert into public.sellers (id, producer_id, seller_info_id, state) values ('924b6ffa-7f6c-4a3e-b8b3-917afe4a0ebd', 'f4e7f3ee-13f5-45f4-809b-3cbe895b4cb7', 'e0f4b873-914d-44cd-94c4-f12627ba4fb2', 'GREYLISTED');
insert into public.sellers (id, producer_id, seller_info_id, state) values ('dbd1dc0c-f6bc-4c00-b6e2-dd72e729b7c6', 'afd54bb1-3fac-408a-adcb-e9d01a7d54ae', '63f2e083-9984-46ed-8b7d-54f63d768b0d', 'REGULAR');
insert into public.sellers (id, producer_id, seller_info_id, state) values ('e08c4bdf-8dee-4f4b-8912-110fd7990519', '6bc074a8-27cb-4864-a074-7a851b429601', 'f86bbbd0-ea2a-4bbb-a3bf-2c2a1feef9e2', 'WHITELISTED');
insert into public.sellers (id, producer_id, seller_info_id, state) values ('d28fcc5e-d391-463f-ab5b-df9872f7cb10', 'c472ce72-9508-4ac0-bf53-fc290dc7fa85', '0fdf28a6-3368-4ba8-b9bc-fe1a583770b6', 'GREYLISTED');
insert into public.sellers (id, producer_id, seller_info_id, state) values ('6121f95f-9b55-4a51-a9a1-7554475eee5a', '645399d7-d70a-4599-872e-b2a9b4d4925e', '5d39df20-56b6-45eb-8384-159543e6f921', 'BLACKLISTED');
insert into public.sellers (id, producer_id, seller_info_id, state) values ('afa8c19b-222a-45f3-bc3f-ebe1d2e96061', 'e81a72fa-2a0c-42cf-9a5f-bfe44c95356b', '9dcd74e9-3ecf-46de-a8dc-3f1cdb9cd98d', 'WHITELISTED');
insert into public.sellers (id, producer_id, seller_info_id, state) values ('0131885f-74bf-4109-a2a7-05209d8862a8', 'a30c7f43-00a6-4009-a01c-3c0fe501b2da', 'de3945df-85df-4329-a6e5-9f963a4922f5', 'BLACKLISTED');
insert into public.sellers (id, producer_id, seller_info_id, state) values ('602f4c4d-3697-4721-bc81-7b2cfdf908a5', '8922c843-47fa-438d-9eb9-78116f15b058', 'e6d1ee45-2141-4022-abc4-afd6a3287dd1', 'REGULAR');
insert into public.sellers (id, producer_id, seller_info_id, state) values ('71a3ed13-bd65-4cf1-a9af-f22af5bfd00c', '4e4a9292-8a21-4aae-b0cf-da9c11d2f19e', '994db43e-2682-4eca-b699-463ccc5d9811', 'REGULAR');
insert into public.sellers (id, producer_id, seller_info_id, state) values ('bf4301f0-49de-4daf-a6e5-e68c3ce6701d', '4373af1f-94a5-4579-956b-1609cf0eb4d9', '877cc574-99eb-4e7a-b4f9-a83d18288015', 'WHITELISTED');
insert into public.sellers (id, producer_id, seller_info_id, state) values ('507abef7-7381-4a88-825e-a073a6804da5', 'ee7feca9-e85f-4f25-ae60-f41f3787f3e7', '21c69ff8-a447-46e2-855e-bb399d134f1c', 'GREYLISTED');
insert into public.sellers (id, producer_id, seller_info_id, state) values ('09f2c739-b33c-4e3b-a649-42097af41fcb', '0297dd2a-54bc-4481-8e94-a52a136d235d', '9bbfccc7-209e-4939-a060-65ce95f3b043', 'GREYLISTED');
insert into public.sellers (id, producer_id, seller_info_id, state) values ('b67d0883-ab2b-49e5-8ada-05dba0f5a252', '9b2ad672-9134-4f39-a794-1a549920157d', 'e9e2ac2d-6aba-499d-a7d9-4400b1553e39', 'GREYLISTED');
insert into public.sellers (id, producer_id, seller_info_id, state) values ('f1f78f3b-aafa-4cbe-bc74-57cb1d5dbb90', '43eb75ce-affe-4b27-a4a5-b2883e0d189a', 'a6dc3116-a9e2-40bc-af5c-fa0478e28ec9', 'WHITELISTED');
insert into public.sellers (id, producer_id, seller_info_id, state) values ('6a3102bf-66b6-4801-b3a6-82464413468f', 'cdde1d80-9fc3-41d0-8a5b-217ae0c28dd8', '5263d347-67bb-43f9-bd53-97cc1935ec38', 'BLACKLISTED');
insert into public.sellers (id, producer_id, seller_info_id, state) values ('835e4b20-bb71-4fe1-9402-f92ca1028a24', 'f7a0bb9f-b41b-4cd0-8f28-7296d9038f1f', 'b636d5a6-0ed9-4bac-bb36-a4491c682e1c', 'WHITELISTED');
insert into public.sellers (id, producer_id, seller_info_id, state) values ('5dfa2885-3f1f-440b-9469-64c3ee66245f', 'e7724b7e-2f82-4397-bbe3-471aaaef54b7', '8eda7ad9-9f27-46b0-ad91-2e4e0ef7528e', 'GREYLISTED');
insert into public.sellers (id, producer_id, seller_info_id, state) values ('32c3994b-59bb-4cea-90de-51b4491138c0', '6a807f10-d51c-4718-9d7d-d48e80e5dde0', 'b41fe4f4-9692-407e-aa5d-1fb2a4ee693a', 'GREYLISTED');
insert into public.sellers (id, producer_id, seller_info_id, state) values ('bb01a6d5-e01b-4699-984e-366d0465b00b', 'afd54bb1-3fac-408a-adcb-e9d01a7d54ae', 'cf6a0ecb-2651-42ff-a729-2b4227c02fc0', 'REGULAR');
insert into public.sellers (id, producer_id, seller_info_id, state) values ('149d1f47-9721-430a-be78-97310f9fdabf', 'd70293c8-1512-46c4-8e3d-b48ff5055e1d', '8424ac39-9603-4058-ad4b-2e2b0cf9b103', 'GREYLISTED');
insert into public.sellers (id, producer_id, seller_info_id, state) values ('08424419-5c58-4f7d-a64c-a183dbcc128b', '571f1e7f-47d4-474a-a60e-712cddaa38e2', '2b97b66e-2912-426c-8141-ff78346b333b', 'WHITELISTED');
insert into public.sellers (id, producer_id, seller_info_id, state) values ('66ea3757-d754-48d9-8b5a-7433e2bfb7c2', 'd7631166-1f6f-4105-99a6-bc1a06301074', '69ecaebe-5a55-48a7-859b-9eab97e6e3c2', 'WHITELISTED');
insert into public.sellers (id, producer_id, seller_info_id, state) values ('8098baf3-2a93-4d98-b7cb-b8a0b1eb0e5d', 'e7724b7e-2f82-4397-bbe3-471aaaef54b7', '5f63e2b5-4949-4f76-8450-3c8114f5ccb5', 'BLACKLISTED');
insert into public.sellers (id, producer_id, seller_info_id, state) values ('dfb1569c-083a-4de5-bdb4-7495cc83e5ff', '7fb8001d-e7cc-4fc2-b62a-e6ae653af262', '7bfbed09-1c8a-44e8-a8d6-6d4c4d3e2dce', 'BLACKLISTED');
insert into public.sellers (id, producer_id, seller_info_id, state) values ('a8d067e5-eed8-43e4-90e6-d23e5af32ab2', '77871b6d-23b5-417b-95fc-de2052b9d73d', '8424ac39-9603-4058-ad4b-2e2b0cf9b103', 'WHITELISTED');
insert into public.sellers (id, producer_id, seller_info_id, state) values ('4851e9d6-70e3-41f2-aa1b-eda85bc59980', 'fdc7836e-3e06-4aad-b1bf-ec9808fbf234', 'a3a781b5-aeed-467e-9579-c440fb59088c', 'GREYLISTED');
insert into public.sellers (id, producer_id, seller_info_id, state) values ('d8aef471-c43b-488c-a144-7340901ae954', '4e4a9292-8a21-4aae-b0cf-da9c11d2f19e', '69ecaebe-5a55-48a7-859b-9eab97e6e3c2', 'GREYLISTED');
insert into public.sellers (id, producer_id, seller_info_id, state) values ('1f82dc2b-b8ec-49cf-897d-930db92da771', '91a00b9d-870d-48cf-9d6c-086e364caa31', '41bbf981-8855-48ef-a023-801cce2c48c5', 'REGULAR');
insert into public.sellers (id, producer_id, seller_info_id, state) values ('4bd9c8b0-9b84-4420-9954-97d2f54ecebc', '8922c843-47fa-438d-9eb9-78116f15b058', 'acdf1c8c-338e-4f05-b6a7-9e390ae547f9', 'WHITELISTED');
insert into public.sellers (id, producer_id, seller_info_id, state) values ('2170ed61-5169-4d04-acb2-51eb8706fc85', 'f4e7f3ee-13f5-45f4-809b-3cbe895b4cb7', 'c4d5148a-dd7f-4729-a7f6-0acaf92a79bd', 'BLACKLISTED');
insert into public.sellers (id, producer_id, seller_info_id, state) values ('fd6f853b-619b-4700-9c98-256611f91319', '5132f722-fb8d-4e4a-aec8-fde5fc79e3cb', '5d3b23dd-af58-43a6-b2ee-9931305ca338', 'REGULAR');
insert into public.sellers (id, producer_id, seller_info_id, state) values ('de062986-a70d-4176-8737-762df485b038', '5132f722-fb8d-4e4a-aec8-fde5fc79e3cb', 'f897c5dd-68a9-41f2-b05a-27d7cb7cd0da', 'REGULAR');
insert into public.sellers (id, producer_id, seller_info_id, state) values ('bc96480d-932b-4ef6-904c-a464909a7b5b', 'de4cdbba-9832-42b7-9294-dbbda71fc5fa', 'c85fbfc6-0cf2-42c8-a7bb-00e8eb8532e7', 'REGULAR');
insert into public.sellers (id, producer_id, seller_info_id, state) values ('46971cb7-55e8-4505-a965-6cd34599e4a8', '3742bfcf-af35-4911-a145-618c6b071fdc', 'bff046fd-8178-44ac-95af-98371218df64', 'REGULAR');
insert into public.sellers (id, producer_id, seller_info_id, state) values ('f277697d-56b8-4623-8ed6-2a7f5d1fec0d', 'f559083e-0fd7-4658-8d45-c76c7f59ed07', 'e6d1ee45-2141-4022-abc4-afd6a3287dd1', 'WHITELISTED');
insert into public.sellers (id, producer_id, seller_info_id, state) values ('f522cb30-d368-4c01-8790-7a1e156b3801', 'b7b837e6-aaa3-4142-be76-c957a60d2bbd', '7256b9da-840e-4f05-878f-af8dadb8a632', 'GREYLISTED');
insert into public.sellers (id, producer_id, seller_info_id, state) values ('663e7dca-290d-4854-98d9-24c3efc40067', 'bfb5b00e-dc89-44d6-889f-00b5424d1e12', '63b10493-f00d-44a3-abf5-0fa2e78874d8', 'REGULAR');
insert into public.sellers (id, producer_id, seller_info_id, state) values ('97cea6ce-54e8-4490-be42-99c1ff497f7b', 'd6f451b7-5705-4f8a-90eb-fe19250ca47a', 'aa95854d-439c-4b8a-a801-418a19d93d01', 'BLACKLISTED');
insert into public.sellers (id, producer_id, seller_info_id, state) values ('92ef7866-80a0-470c-99cb-12e1da35061f', 'e7195bfc-fde7-4e95-8e9c-2d1e63f51d66', 'e1cc2dc3-e9ec-425d-bc4e-c8ccd79b8f50', 'WHITELISTED');
insert into public.sellers (id, producer_id, seller_info_id, state) values ('ecd210f2-fa8e-4fa6-ad56-3338998b5307', '9438ad21-0c26-4d85-8c24-4aa22b8ca18f', 'd2f93d54-b897-40aa-9ca2-a2d04777368c', 'REGULAR');
insert into public.sellers (id, producer_id, seller_info_id, state) values ('12eb0a9e-82a0-447a-b000-7a37bf8042ee', 'fd53ba8b-c1bf-4510-953d-47ef9bf994d2', '38814b76-e229-414e-b3f6-66b6794acf1c', 'BLACKLISTED');
insert into public.sellers (id, producer_id, seller_info_id, state) values ('706b2a5c-fb64-4a52-90c5-d69c1aae471e', 'cdde1d80-9fc3-41d0-8a5b-217ae0c28dd8', '13e680a0-8dc8-4fd9-bdfc-e42290c93055', 'BLACKLISTED');
insert into public.sellers (id, producer_id, seller_info_id, state) values ('12ef0289-1ca8-42b0-8fd8-acccb6404e27', '986cf9a9-987a-4f97-9254-4c2a001a0fd1', '06666035-ab75-462f-9c50-f327b4bd752d', 'GREYLISTED');
insert into public.sellers (id, producer_id, seller_info_id, state) values ('ea30cb72-3818-44c3-811c-4249eea0ec2d', '3742bfcf-af35-4911-a145-618c6b071fdc', '63f2e083-9984-46ed-8b7d-54f63d768b0d', 'BLACKLISTED');
insert into public.sellers (id, producer_id, seller_info_id, state) values ('6a4fdbc6-a562-4ab7-b8ca-73f894da06b2', '9438ad21-0c26-4d85-8c24-4aa22b8ca18f', '33d4d54f-3354-4c9d-b86a-49123d8dc90a', 'REGULAR');
insert into public.sellers (id, producer_id, seller_info_id, state) values ('daa85028-51a9-4063-8cc7-0fbe3021a3cf', '9f562cd2-9038-4870-a088-ca006df610ce', '1fa8daba-bd1c-45a8-8f1c-31b4b9e0deb9', 'REGULAR');
insert into public.sellers (id, producer_id, seller_info_id, state) values ('97972d8f-1d0a-4830-b6d0-ea1d316a6144', '91a00b9d-870d-48cf-9d6c-086e364caa31', '032e5d72-2bce-4eb2-afb7-ecb4b561ac11', 'WHITELISTED');
insert into public.sellers (id, producer_id, seller_info_id, state) values ('fb82e55f-40a2-427e-870a-e0b1b2def14f', '0f4f0ea4-e369-4bc8-b343-3755da1222a3', '86b18420-dbd1-4959-aa1f-54c10f771f86', 'REGULAR');
insert into public.sellers (id, producer_id, seller_info_id, state) values ('679900d3-d80e-441e-b3cb-8fe60d01ae5e', '3a024f20-bc35-4df4-8e95-31a1d4d80f08', 'bff046fd-8178-44ac-95af-98371218df64', 'WHITELISTED');
insert into public.sellers (id, producer_id, seller_info_id, state) values ('9f9d396e-f846-4c1d-bc97-4f5f6b0d9e0b', '9237e2d3-5942-446c-88f8-e55198f51395', 'ecd37e48-eb5e-41b9-807d-c6778477a445', 'WHITELISTED');
insert into public.sellers (id, producer_id, seller_info_id, state) values ('96b9f2c2-3ef5-444f-926d-820c8d203dc7', '0297dd2a-54bc-4481-8e94-a52a136d235d', '858c581f-6c53-44e2-9bc5-fa8c502b35b7', 'WHITELISTED');
insert into public.sellers (id, producer_id, seller_info_id, state) values ('003ef53b-34ef-4010-bab7-45efd00b874a', '0807e6ad-26be-42fe-8dcf-d41702ae42b0', '51637a29-01c3-4ffa-8e37-b2affd103f03', 'BLACKLISTED');
insert into public.sellers (id, producer_id, seller_info_id, state) values ('06162837-c60b-4eb9-8ccd-25e5ee5f410e', 'f559083e-0fd7-4658-8d45-c76c7f59ed07', '4830662a-fb1a-497a-a1e1-9a452226036d', 'GREYLISTED');
insert into public.sellers (id, producer_id, seller_info_id, state) values ('50f7d092-675f-4e75-8852-7220ea0002fe', '0e4a352d-8355-4d6e-a846-58d983416367', '65d44dd8-b3a0-418b-b71a-56891077fdbc', 'GREYLISTED');
insert into public.sellers (id, producer_id, seller_info_id, state) values ('63901a09-da0a-445a-8588-54cd730818cd', 'c57fef97-2efe-450c-854b-70ec9cf0a6e0', 'dfb2981e-6179-44cd-9985-ca299b697f3e', 'GREYLISTED');
insert into public.sellers (id, producer_id, seller_info_id, state) values ('a069d687-eaf7-4059-afa7-21a987b5f374', '91a00b9d-870d-48cf-9d6c-086e364caa31', '48b7df8c-77c0-4e00-9773-30d42653fcc2', 'GREYLISTED');
insert into public.sellers (id, producer_id, seller_info_id, state) values ('28c5480a-6a66-4f03-8757-ac8168ed2bcc', 'eb683198-138c-4111-ab06-3e0df85beef4', '622bda8a-5348-4650-812c-a615a25a7055', 'GREYLISTED');
insert into public.sellers (id, producer_id, seller_info_id, state) values ('e39b63f9-1ac0-42fb-b296-2178d4c4060b', '5132f722-fb8d-4e4a-aec8-fde5fc79e3cb', '3ac71ee0-db40-44dd-851e-ca3a98f554c2', 'BLACKLISTED');
insert into public.sellers (id, producer_id, seller_info_id, state) values ('c0a97753-732d-45b9-bc06-4cfadcc51216', 'f7a0bb9f-b41b-4cd0-8f28-7296d9038f1f', '7941ce45-a42f-4d6f-99bb-b0e9d51bec25', 'BLACKLISTED');
insert into public.sellers (id, producer_id, seller_info_id, state) values ('16343698-9066-407c-93c7-ae894e121203', '4db03d43-a05e-430c-b1a9-cf191c6d78a7', '319b4125-6b47-411d-a765-bdb1b4655b29', 'REGULAR');
insert into public.sellers (id, producer_id, seller_info_id, state) values ('f1384a19-4800-4fc7-b14c-987e078d1dbd', 'dc16255a-5eac-4102-a054-efe17014954d', 'bff046fd-8178-44ac-95af-98371218df64', 'GREYLISTED');
insert into public.sellers (id, producer_id, seller_info_id, state) values ('bed1c64e-ab8a-413c-97f0-5d351f68eef7', '3a024f20-bc35-4df4-8e95-31a1d4d80f08', 'e0f4b873-914d-44cd-94c4-f12627ba4fb2', 'GREYLISTED');
insert into public.sellers (id, producer_id, seller_info_id, state) values ('a1bc393b-b836-4f6d-ad71-f2d42cf6c1d1', '7fd43926-86dc-41bc-9496-a057afbfe76b', 'e0f4b873-914d-44cd-94c4-f12627ba4fb2', 'WHITELISTED');
insert into public.sellers (id, producer_id, seller_info_id, state) values ('a74920a1-379e-4b63-8620-7ee2a8fc780c', 'f559083e-0fd7-4658-8d45-c76c7f59ed07', '607055b1-c10b-4976-a4bd-8e741b7908b0', 'WHITELISTED');
insert into public.sellers (id, producer_id, seller_info_id, state) values ('7115681c-c8ee-4dd0-9649-a5b79caaefa9', '7fb8001d-e7cc-4fc2-b62a-e6ae653af262', 'cd085242-92ef-4061-a598-bc49e7f98960', 'WHITELISTED');
insert into public.sellers (id, producer_id, seller_info_id, state) values ('dcae7d85-df43-40a8-bade-dc865cd239bf', 'fd53ba8b-c1bf-4510-953d-47ef9bf994d2', '9e69a95c-958e-480c-98f0-79786a51e637', 'BLACKLISTED');
insert into public.sellers (id, producer_id, seller_info_id, state) values ('c9be2e81-0ea1-4bb8-a8bf-f82de770d0b5', 'f559083e-0fd7-4658-8d45-c76c7f59ed07', 'ceedd346-d7c3-4c43-a0cf-36ab2ac24244', 'WHITELISTED');
insert into public.sellers (id, producer_id, seller_info_id, state) values ('e29cdc89-a831-4092-b33b-5464ba0a6058', 'a3337e40-d210-4ce5-bb74-dd3cad2dc6c3', '0e4fa79b-83f8-47b9-a8b6-8a7dc384ba5f', 'WHITELISTED');
insert into public.sellers (id, producer_id, seller_info_id, state) values ('a98869bc-7354-4397-8c4b-b7917731548c', '73d15f37-5cb3-4860-8410-c1c78d769121', '9ad97538-6dba-4dc7-8c17-7f157303d82c', 'GREYLISTED');
insert into public.sellers (id, producer_id, seller_info_id, state) values ('64e96133-f7b8-46c4-80d2-dc84be9e27cb', '2692e27c-6289-4e25-bf4a-c86754f401ac', '622bda8a-5348-4650-812c-a615a25a7055', 'GREYLISTED');
insert into public.sellers (id, producer_id, seller_info_id, state) values ('0efd23b9-b40c-45c9-95a2-7bf1111f5164', '7b610001-f291-49c2-95a2-7b40a712e34f', '8424ac39-9603-4058-ad4b-2e2b0cf9b103', 'REGULAR');
insert into public.sellers (id, producer_id, seller_info_id, state) values ('04c8e178-87f1-40ab-b4e6-32b2f08804c9', 'c4b95742-15a9-4995-9dfe-ad4b7126547d', '622bda8a-5348-4650-812c-a615a25a7055', 'REGULAR');
insert into public.sellers (id, producer_id, seller_info_id, state) values ('3c979139-1ccb-404f-a951-3e5e1c31e884', 'd6be6a06-11d6-42f2-a28f-dba9988afc30', 'f57b2bb8-a8dd-4f6c-9e74-ba3d28009ed4', 'BLACKLISTED');
insert into public.sellers (id, producer_id, seller_info_id, state) values ('5d484e51-a8c1-4958-bb5f-8fbffc7b2737', 'd7631166-1f6f-4105-99a6-bc1a06301074', 'd2f93d54-b897-40aa-9ca2-a2d04777368c', 'GREYLISTED');
insert into public.sellers (id, producer_id, seller_info_id, state) values ('b3cf2c24-ac19-4049-99f7-b4e98e2662b5', '29ea6cda-d5d7-47d7-bb99-310a426fc111', '1deab9cb-6272-4c97-bb98-e6e6ff67518a', 'REGULAR');
insert into public.sellers (id, producer_id, seller_info_id, state) values ('36d3dc7e-bf36-487d-b932-12bcfd9386c6', 'eb683198-138c-4111-ab06-3e0df85beef4', 'b9c4aea6-4e53-4dee-900e-a63475c76824', 'GREYLISTED');
insert into public.sellers (id, producer_id, seller_info_id, state) values ('9d05a841-fe60-41ca-9737-5611c282275d', '9b2ad672-9134-4f39-a794-1a549920157d', '5e1e06ff-b413-463f-b4b0-4b313df392b2', 'BLACKLISTED');
insert into public.sellers (id, producer_id, seller_info_id, state) values ('972cf087-9f04-4f6f-8a55-19243e90da34', 'd6f451b7-5705-4f8a-90eb-fe19250ca47a', 'c4d5148a-dd7f-4729-a7f6-0acaf92a79bd', 'GREYLISTED');
insert into public.sellers (id, producer_id, seller_info_id, state) values ('85651670-8773-436a-b040-4687af71c6fb', 'a30c7f43-00a6-4009-a01c-3c0fe501b2da', 'fec13057-78d1-449f-bacd-152b97b4762e', 'GREYLISTED');
insert into public.sellers (id, producer_id, seller_info_id, state) values ('fd0b54ba-96a8-4459-9634-49f63b9c3910', '7f87e423-0415-4b81-9e93-f7a5ae613539', 'cf5c9530-8ed7-4ba7-a9af-7250b6dc0406', 'GREYLISTED');
insert into public.sellers (id, producer_id, seller_info_id, state) values ('98154213-fc32-49e0-803f-a74b9e6fe402', 'b7284a77-96f3-4ebd-9d5a-7430c17bf794', '0be005e0-63f7-4078-a744-090c87cfbbaa', 'REGULAR');
insert into public.sellers (id, producer_id, seller_info_id, state) values ('9dadca63-4676-4c17-abd4-23d1ebb2a19f', '7fd43926-86dc-41bc-9496-a057afbfe76b', '537a6f02-7636-427f-aa25-87746c298f2b', 'GREYLISTED');
insert into public.sellers (id, producer_id, seller_info_id, state) values ('d9c47021-d806-4455-bb1d-f07ece4fec3e', '8e0835e1-ad2e-4e89-9bd4-869f5d1597e2', '3b1a72f8-ed2e-485f-9543-ccf3009f6255', 'REGULAR');
insert into public.sellers (id, producer_id, seller_info_id, state) values ('d1799d54-b6f6-48dc-9100-91fe46dd81fe', 'b07c65f9-b562-41ea-b177-e205abe93275', '5d58c736-7025-41a8-aae4-e72a1afff2c1', 'GREYLISTED');
insert into public.sellers (id, producer_id, seller_info_id, state) values ('f5de165b-53d0-41fa-9a03-f8b6a093b655', '3a024f20-bc35-4df4-8e95-31a1d4d80f08', '60937221-01ae-4fdd-8aae-a33f426d593f', 'WHITELISTED');
insert into public.sellers (id, producer_id, seller_info_id, state) values ('113a566e-94e3-48fa-bd5e-7a56dc977e79', 'de5087b2-7ed2-4cd4-a62e-db9b4291c87d', '837a27e9-effe-4aab-8ad4-9bab78cf7d08', 'GREYLISTED');
insert into public.sellers (id, producer_id, seller_info_id, state) values ('083ea96f-4c19-4a99-aa62-8e7ec77303f9', 'e836004d-c8ea-4c0f-83dc-96671d600c9d', '64e79e0c-0cbd-4dbb-8a5a-25f4a3f3d50e', 'WHITELISTED');
insert into public.sellers (id, producer_id, seller_info_id, state) values ('4fb0595b-985a-4463-94bf-309990061acc', '1308656c-de6d-432b-8d1b-4e7638fe8e39', '0e09fb01-d2df-461e-bb63-7506ef726948', 'GREYLISTED');
insert into public.sellers (id, producer_id, seller_info_id, state) values ('0fb621e0-99a8-4612-8812-6104d92f7cb3', '16f339b2-2446-4649-be25-dbb27c476f06', 'bff046fd-8178-44ac-95af-98371218df64', 'REGULAR');
insert into public.sellers (id, producer_id, seller_info_id, state) values ('ecb66d27-d586-45ac-b95b-b4895e610831', '8922c843-47fa-438d-9eb9-78116f15b058', 'a9cc800e-cd4e-40ee-b587-8c5c2835b09f', 'WHITELISTED');
insert into public.sellers (id, producer_id, seller_info_id, state) values ('a4916316-5b42-4753-80fa-03d86f7b4781', 'e836004d-c8ea-4c0f-83dc-96671d600c9d', '2e09c8f6-dd88-46f7-a476-e8d80973ae2d', 'GREYLISTED');
insert into public.sellers (id, producer_id, seller_info_id, state) values ('ee27eb96-2b22-41e3-be4c-693fe204f9d2', '8e78e024-37e4-47ce-a34b-748aa5198616', '3ac71ee0-db40-44dd-851e-ca3a98f554c2', 'BLACKLISTED');
insert into public.sellers (id, producer_id, seller_info_id, state) values ('57b65309-376b-4ae4-94b3-45c6dfb72792', 'b07c65f9-b562-41ea-b177-e205abe93275', '86b18420-dbd1-4959-aa1f-54c10f771f86', 'WHITELISTED');
insert into public.sellers (id, producer_id, seller_info_id, state) values ('f1a88e51-35e3-4c7f-bbc5-b499f4dbb702', 'e836004d-c8ea-4c0f-83dc-96671d600c9d', '2e09c8f6-dd88-46f7-a476-e8d80973ae2d', 'REGULAR');
insert into public.sellers (id, producer_id, seller_info_id, state) values ('5ff7bf09-71b8-46ac-9752-3f0903fcc24f', '6a614b3a-cd85-49b7-b673-425bc8c2f99e', '7bfbed09-1c8a-44e8-a8d6-6d4c4d3e2dce', 'WHITELISTED');
insert into public.sellers (id, producer_id, seller_info_id, state) values ('b60c0371-cb7b-4cdb-b4b4-b5f6ab888fe5', '6a36ba26-a6a8-461e-98d9-5b5bc400d819', '8cf88cd4-3c1a-4521-83ac-8023b03cafee', 'GREYLISTED');
insert into public.sellers (id, producer_id, seller_info_id, state) values ('3a7ea720-3bef-4f6e-9c77-9db79975c1a6', '5c3e2dd2-a96b-4d43-86bd-84903d1e2160', '6c9488f5-4df5-4b51-b8b0-e3dcab04c482', 'WHITELISTED');
insert into public.sellers (id, producer_id, seller_info_id, state) values ('6d36178e-4a72-4e3f-9b5f-68ffe51ef697', '4d9493cb-bd98-49cf-9774-87f2559f6d69', 'cfd4edb2-7fc3-4634-a514-d04411a38bdf', 'WHITELISTED');
insert into public.sellers (id, producer_id, seller_info_id, state) values ('0a75aaf9-6ca8-4eef-9f12-07b8d610a7de', 'b7284a77-96f3-4ebd-9d5a-7430c17bf794', '8a273809-3aa8-4316-aa68-b56fd255ca60', 'WHITELISTED');
insert into public.sellers (id, producer_id, seller_info_id, state) values ('8d464e1d-f01b-4a16-a8ff-ca0b9cecbec4', 'afd54bb1-3fac-408a-adcb-e9d01a7d54ae', '64e79e0c-0cbd-4dbb-8a5a-25f4a3f3d50e', 'REGULAR');
insert into public.sellers (id, producer_id, seller_info_id, state) values ('a4b99471-232f-4942-9a40-9e491696eed7', '73d15f37-5cb3-4860-8410-c1c78d769121', 'fd432628-30ca-49a8-9fec-398e7a98be41', 'REGULAR');
insert into public.sellers (id, producer_id, seller_info_id, state) values ('a5a4f521-1661-44b0-b5f5-e675e1d3de18', 'cdde1d80-9fc3-41d0-8a5b-217ae0c28dd8', '6c9488f5-4df5-4b51-b8b0-e3dcab04c482', 'REGULAR');
insert into public.sellers (id, producer_id, seller_info_id, state) values ('2b5edb3e-ea62-4541-bb27-49be4856fa14', 'db735839-af19-4f58-b6ca-01c6737e99a2', 'c60ccd8a-484f-405f-90f0-82de25de382a', 'WHITELISTED');
insert into public.sellers (id, producer_id, seller_info_id, state) values ('92ac82b9-ad90-48a0-85e3-505ad8a02bbd', '6a614b3a-cd85-49b7-b673-425bc8c2f99e', '028e11af-c84c-4c2f-bb0d-37a8730fa14a', 'BLACKLISTED');
insert into public.sellers (id, producer_id, seller_info_id, state) values ('932990d2-0735-4f1f-8a7e-86b2c8181b38', 'bfb5b00e-dc89-44d6-889f-00b5424d1e12', 'f86bbbd0-ea2a-4bbb-a3bf-2c2a1feef9e2', 'GREYLISTED');
insert into public.sellers (id, producer_id, seller_info_id, state) values ('07b86aa4-9126-457c-a24c-d8cd2413a272', '4e4a9292-8a21-4aae-b0cf-da9c11d2f19e', '430e6810-415e-4a89-bb7c-fa7bdfc9ec6a', 'GREYLISTED');
insert into public.sellers (id, producer_id, seller_info_id, state) values ('6344c6bc-2236-4025-a173-83ca61d3f3f2', 'fb4a712c-9f15-4b8a-a844-d9b84fe88aa9', 'e8351976-555b-48bf-8c26-f25da9fd0bd8', 'REGULAR');
insert into public.sellers (id, producer_id, seller_info_id, state) values ('6f09f406-872e-4a3d-af45-601ff566fdfe', 'cdde1d80-9fc3-41d0-8a5b-217ae0c28dd8', '89a1f844-b129-40b9-abbe-77bf3a4e9cae', 'REGULAR');
insert into public.sellers (id, producer_id, seller_info_id, state) values ('7562066d-d3da-4ff1-b91f-3edd5efb050c', 'd7631166-1f6f-4105-99a6-bc1a06301074', '4504aa8c-b96b-4b97-b51e-cace53255857', 'BLACKLISTED');
insert into public.sellers (id, producer_id, seller_info_id, state) values ('f2c4ff38-132c-4726-b56e-067e606bd633', '16f339b2-2446-4649-be25-dbb27c476f06', '4830662a-fb1a-497a-a1e1-9a452226036d', 'WHITELISTED');
insert into public.sellers (id, producer_id, seller_info_id, state) values ('9be0b8b9-ca70-4a1a-8b89-6765c4b4a068', 'e836004d-c8ea-4c0f-83dc-96671d600c9d', '51637a29-01c3-4ffa-8e37-b2affd103f03', 'REGULAR');
insert into public.sellers (id, producer_id, seller_info_id, state) values ('89eb7aea-2ce6-450d-802d-3ecc3fc8f313', '965d794c-add2-474c-ab06-d1e3fc805bc1', 'c3d6d473-f250-4ec3-b45c-aada8b812e40', 'GREYLISTED');
insert into public.sellers (id, producer_id, seller_info_id, state) values ('8c1f49cb-1ffe-4e1b-83c1-48b8db74888d', 'b7284a77-96f3-4ebd-9d5a-7430c17bf794', '5d3b23dd-af58-43a6-b2ee-9931305ca338', 'REGULAR');
insert into public.sellers (id, producer_id, seller_info_id, state) values ('dcd2be2d-741d-4522-a5d8-553350abefdb', '045f4b34-c98a-4f50-bf7b-00120e04f584', 'e825cbbc-cc83-4120-bcf7-5c5f6beaea40', 'BLACKLISTED');
insert into public.sellers (id, producer_id, seller_info_id, state) values ('56fb4058-b356-4a42-9a79-f2779d75d8bd', '8e0835e1-ad2e-4e89-9bd4-869f5d1597e2', 'c48f6320-27fe-43cf-bd7e-2930d3487970', 'BLACKLISTED');
insert into public.sellers (id, producer_id, seller_info_id, state) values ('573dd54c-9412-431f-9cc3-d0e64a2352b9', 'c4b95742-15a9-4995-9dfe-ad4b7126547d', '858c581f-6c53-44e2-9bc5-fa8c502b35b7', 'BLACKLISTED');
insert into public.sellers (id, producer_id, seller_info_id, state) values ('80c5a363-c084-4853-9439-871784becdc8', '43eb75ce-affe-4b27-a4a5-b2883e0d189a', '21c69ff8-a447-46e2-855e-bb399d134f1c', 'WHITELISTED');
insert into public.sellers (id, producer_id, seller_info_id, state) values ('6962131c-ea0d-4b16-8a89-aa72ca4dd713', '8597763e-2ea2-4ba5-9ce9-ffe514469f33', 'fd432628-30ca-49a8-9fec-398e7a98be41', 'REGULAR');
insert into public.sellers (id, producer_id, seller_info_id, state) values ('b64bb7e6-5450-4571-b012-0d5d2bda99f3', 'b07c65f9-b562-41ea-b177-e205abe93275', '9e69a95c-958e-480c-98f0-79786a51e637', 'WHITELISTED');
insert into public.sellers (id, producer_id, seller_info_id, state) values ('aa35d28a-3c50-4480-b8b1-59b5e6e6beab', '9f562cd2-9038-4870-a088-ca006df610ce', '13e680a0-8dc8-4fd9-bdfc-e42290c93055', 'REGULAR');
insert into public.sellers (id, producer_id, seller_info_id, state) values ('01d40e69-fde2-47d7-8620-8cd1ac58d398', '43eb75ce-affe-4b27-a4a5-b2883e0d189a', 'e11958fb-21cc-4778-b4d3-d722787bf6e9', 'REGULAR');
insert into public.sellers (id, producer_id, seller_info_id, state) values ('f506d45f-82b9-4ff6-9e80-d13c2410aab1', 'eb683198-138c-4111-ab06-3e0df85beef4', '7941ce45-a42f-4d6f-99bb-b0e9d51bec25', 'REGULAR');
insert into public.sellers (id, producer_id, seller_info_id, state) values ('accd5bcf-74dc-4e00-965b-1a6972ae8f51', '256fe989-8c48-4aa4-92f6-f60c66fc9b2f', '032e5d72-2bce-4eb2-afb7-ecb4b561ac11', 'BLACKLISTED');
insert into public.sellers (id, producer_id, seller_info_id, state) values ('29eec80e-b808-45cc-948f-bac9b8248a40', 'b55903f6-9dc8-4af5-9465-fec362b7d9c1', 'cf5c9530-8ed7-4ba7-a9af-7250b6dc0406', 'BLACKLISTED');
insert into public.sellers (id, producer_id, seller_info_id, state) values ('212e7a0d-e693-4a13-ac81-b37b33b61cdd', 'eb683198-138c-4111-ab06-3e0df85beef4', 'e11958fb-21cc-4778-b4d3-d722787bf6e9', 'REGULAR');
insert into public.sellers (id, producer_id, seller_info_id, state) values ('3de318fc-3ae9-48e1-aeb4-47e3105210e0', '8e78e024-37e4-47ce-a34b-748aa5198616', 'd72b3eca-e82f-4072-bd6f-90455d940daa', 'WHITELISTED');
insert into public.sellers (id, producer_id, seller_info_id, state) values ('64779692-2a36-4374-9f53-23343cb9c46b', 'cdde1d80-9fc3-41d0-8a5b-217ae0c28dd8', '641eea6d-dd48-4b2f-9d9c-79c9085b57e7', 'BLACKLISTED');
insert into public.sellers (id, producer_id, seller_info_id, state) values ('910d4dea-c6e1-4a5e-82a1-558cfb16b641', '2c2d2398-ccc0-4658-a32d-2572e832d613', 'd1e9ba58-750f-49ec-a2a8-7fd6a1b65a8e', 'REGULAR');
insert into public.sellers (id, producer_id, seller_info_id, state) values ('9b285a6a-a06e-4e1d-9bac-d5330ffc1195', '3742bfcf-af35-4911-a145-618c6b071fdc', 'e11958fb-21cc-4778-b4d3-d722787bf6e9', 'REGULAR');
insert into public.sellers (id, producer_id, seller_info_id, state) values ('2ecd913a-c97d-4117-aa65-e250db5eb632', '5132f722-fb8d-4e4a-aec8-fde5fc79e3cb', '2b97b66e-2912-426c-8141-ff78346b333b', 'GREYLISTED');
insert into public.sellers (id, producer_id, seller_info_id, state) values ('f01b2fc6-a9c2-42a2-8267-ad54ade673ba', 'afd54bb1-3fac-408a-adcb-e9d01a7d54ae', '9139ce5b-c124-41f2-aec7-13e713eaf1cc', 'GREYLISTED');
insert into public.sellers (id, producer_id, seller_info_id, state) values ('9a2d85c2-3adb-43b0-a1f2-a64e0c760a6c', 'bfb5b00e-dc89-44d6-889f-00b5424d1e12', '2a0d2578-fda9-4fe2-8a51-436681853e60', 'BLACKLISTED');
insert into public.sellers (id, producer_id, seller_info_id, state) values ('f8705c0e-820a-48bb-95ab-4eb0c6bba16a', '5132f722-fb8d-4e4a-aec8-fde5fc79e3cb', '89a1f844-b129-40b9-abbe-77bf3a4e9cae', 'WHITELISTED');
insert into public.sellers (id, producer_id, seller_info_id, state) values ('11309221-6670-49f7-a011-358211f9efbe', 'cdde1d80-9fc3-41d0-8a5b-217ae0c28dd8', '2b8ec4a9-7e37-4c6c-a9fa-5467324a94ea', 'BLACKLISTED');
insert into public.sellers (id, producer_id, seller_info_id, state) values ('d9f8cc6d-4ddd-4dea-b78c-156a78c0e694', '9438ad21-0c26-4d85-8c24-4aa22b8ca18f', 'c48f6320-27fe-43cf-bd7e-2930d3487970', 'REGULAR');
insert into public.sellers (id, producer_id, seller_info_id, state) values ('7ed0f139-5093-4057-b80d-e6c3c88e25fb', 'b7b837e6-aaa3-4142-be76-c957a60d2bbd', '649e0e32-99ae-498c-8143-e36fd208b106', 'REGULAR');
insert into public.sellers (id, producer_id, seller_info_id, state) values ('300c1387-3ddd-49d8-b5c9-095fa08afe28', 'e81a72fa-2a0c-42cf-9a5f-bfe44c95356b', '5ac7a6a4-ec99-40ce-9d4d-29f382e9d3d3', 'GREYLISTED');
insert into public.sellers (id, producer_id, seller_info_id, state) values ('70ee2c96-95da-4424-8cf5-c19a5e617fa1', '4afa9e02-9f2c-48ac-9c46-611cfa339603', '33b9d514-74a0-4cc6-8053-3870046356ba', 'WHITELISTED');
insert into public.sellers (id, producer_id, seller_info_id, state) values ('0ddca0c9-ef40-4e79-baf3-7bdabbc9e28e', 'b01b1509-28b1-4266-bdca-83ba30a1ea39', '798eeaaa-68e1-42d2-bead-f3e2dee6bd34', 'WHITELISTED');
insert into public.sellers (id, producer_id, seller_info_id, state) values ('d1513bce-d434-47ae-8af5-b8c04f8ff806', 'cdde1d80-9fc3-41d0-8a5b-217ae0c28dd8', 'bb2a123b-c572-4d0e-8b0b-2b6fbe13dfbd', 'GREYLISTED');
insert into public.sellers (id, producer_id, seller_info_id, state) values ('35180643-5692-4d88-9d8e-1527860c77be', 'a01698b1-2769-4b2a-95c4-fd1c246905ef', 'de3945df-85df-4329-a6e5-9f963a4922f5', 'BLACKLISTED');
insert into public.sellers (id, producer_id, seller_info_id, state) values ('1cc944d5-9203-4c21-82df-0affed6a1520', 'eb008e96-1a21-4e9e-b086-34d8dcae7323', '7287f26f-506d-409a-acc0-e41864f4bc9c', 'BLACKLISTED');
insert into public.sellers (id, producer_id, seller_info_id, state) values ('edead9a8-6e83-4366-bb58-97d8c9d8ff4e', '887f6429-963c-479e-858c-1ada06bd224a', 'ceedd346-d7c3-4c43-a0cf-36ab2ac24244', 'BLACKLISTED');
insert into public.sellers (id, producer_id, seller_info_id, state) values ('bd99c990-95c1-4f1d-8720-8047dcbe4671', 'd70293c8-1512-46c4-8e3d-b48ff5055e1d', 'bff046fd-8178-44ac-95af-98371218df64', 'WHITELISTED');
insert into public.sellers (id, producer_id, seller_info_id, state) values ('6a44edc8-b2de-4885-b083-da34e876f122', '624fdd50-63c8-4c68-8bd0-07447f7bdfb7', '2e08526c-9d7c-4ec0-a373-f94858e604b3', 'BLACKLISTED');
insert into public.sellers (id, producer_id, seller_info_id, state) values ('8c256e24-5763-40c0-857c-2dfc1d03b4f8', '9237e2d3-5942-446c-88f8-e55198f51395', '25468bcd-33a4-4244-aa10-ce7cf85d5e27', 'REGULAR');
insert into public.sellers (id, producer_id, seller_info_id, state) values ('1992b06b-effd-4b45-bdc3-34761cbc1053', '7f87e423-0415-4b81-9e93-f7a5ae613539', '4feeeeab-1c7b-41b6-8f52-5db9c34cc545', 'REGULAR');
insert into public.sellers (id, producer_id, seller_info_id, state) values ('4075949a-3631-49c5-b332-05b645a124a3', '6a36ba26-a6a8-461e-98d9-5b5bc400d819', '086bd35c-cdc0-4030-8904-3daaf38aecb4', 'GREYLISTED');
insert into public.sellers (id, producer_id, seller_info_id, state) values ('ef21e9cd-97ec-43e1-b03e-3e6ded336cab', '29ea6cda-d5d7-47d7-bb99-310a426fc111', '84a96cf8-b487-469c-9e7d-af7b77860827', 'REGULAR');
insert into public.sellers (id, producer_id, seller_info_id, state) values ('7d6f197e-ac6b-487b-87e5-cb11127d974b', 'c57fef97-2efe-450c-854b-70ec9cf0a6e0', 'ea3a9cb3-9931-4519-bccd-091b3c9eb32c', 'BLACKLISTED');
insert into public.sellers (id, producer_id, seller_info_id, state) values ('9e6bc09e-89d6-4abb-a79a-86675717679e', 'e7195bfc-fde7-4e95-8e9c-2d1e63f51d66', 'cd085242-92ef-4061-a598-bc49e7f98960', 'WHITELISTED');
insert into public.sellers (id, producer_id, seller_info_id, state) values ('b25db3ad-0e32-4308-8313-d4d9e313b216', '5c3e2dd2-a96b-4d43-86bd-84903d1e2160', 'ff41deda-2b65-4b1c-a02f-9369f089ff53', 'REGULAR');
insert into public.sellers (id, producer_id, seller_info_id, state) values ('afc125c0-1606-4787-a52e-6a4907c98122', '7fb8001d-e7cc-4fc2-b62a-e6ae653af262', 'df132599-2f47-431d-ac6e-3a3d16d38d65', 'BLACKLISTED');
insert into public.sellers (id, producer_id, seller_info_id, state) values ('deac89dc-c4c3-4f74-b3bf-ac277d317ec6', 'd6f451b7-5705-4f8a-90eb-fe19250ca47a', 'bfae10ba-023c-4098-aa17-f0ba7682db25', 'WHITELISTED');
insert into public.sellers (id, producer_id, seller_info_id, state) values ('c1cf84dc-a4bb-447a-a79a-ad305a5b95ad', '645399d7-d70a-4599-872e-b2a9b4d4925e', '5bc7423f-964d-4b2c-923c-79fba68dd8a3', 'REGULAR');
insert into public.sellers (id, producer_id, seller_info_id, state) values ('70a0b53e-fb7a-4144-9c72-94d8f14b0d6f', 'ea3832fd-800f-4531-a839-1544b7c4ef3b', '1bd95748-72d6-432f-82b2-0c7a59c45b7c', 'REGULAR');
insert into public.sellers (id, producer_id, seller_info_id, state) values ('77163668-91a6-4082-94cc-07e08a2a38f9', 'd6f451b7-5705-4f8a-90eb-fe19250ca47a', '4504aa8c-b96b-4b97-b51e-cace53255857', 'BLACKLISTED');
insert into public.sellers (id, producer_id, seller_info_id, state) values ('1e7a9417-1e48-41f9-8f3d-824695a49205', '0807e6ad-26be-42fe-8dcf-d41702ae42b0', '2f7ad90a-5a67-4c5b-962e-488adf753bc3', 'GREYLISTED');
insert into public.sellers (id, producer_id, seller_info_id, state) values ('89616723-ef41-47d6-b845-8fe19f0c344a', 'eb683198-138c-4111-ab06-3e0df85beef4', '41e95894-7b80-4f1b-b286-f4bb59c369e7', 'WHITELISTED');
insert into public.sellers (id, producer_id, seller_info_id, state) values ('2b7e45db-8cdb-4861-9090-56296b6bb032', 'fd53ba8b-c1bf-4510-953d-47ef9bf994d2', '33eccc1b-fef6-47c6-a057-19b557d0c892', 'GREYLISTED');
insert into public.sellers (id, producer_id, seller_info_id, state) values ('497c439a-1cef-493c-9b6a-279aab77e2e5', 'a30c7f43-00a6-4009-a01c-3c0fe501b2da', '5bc7423f-964d-4b2c-923c-79fba68dd8a3', 'BLACKLISTED');
insert into public.sellers (id, producer_id, seller_info_id, state) values ('28f9cbc2-c798-40d5-8d29-c3ae9d20da82', 'de5087b2-7ed2-4cd4-a62e-db9b4291c87d', 'bd98b5ba-3a74-44c0-961e-7b02f1a879bb', 'REGULAR');
insert into public.sellers (id, producer_id, seller_info_id, state) values ('dacfe1b4-15b2-4842-8261-d71bbf4280b4', '7fb8001d-e7cc-4fc2-b62a-e6ae653af262', '6418770c-98c4-4ce9-b4a1-d976605c057c', 'BLACKLISTED');
insert into public.sellers (id, producer_id, seller_info_id, state) values ('29e43482-a539-4064-b062-9c42ec76c00f', '5c3e2dd2-a96b-4d43-86bd-84903d1e2160', '5b4cb748-fc12-465e-ad3f-ea8dc75ec687', 'REGULAR');
insert into public.sellers (id, producer_id, seller_info_id, state) values ('0822cd7d-e667-48c7-834f-e07fc4e362e2', '7882de10-c31d-457d-8f14-434363a79c40', '7b27e681-c36f-49e8-9be2-ed1e0872f820', 'WHITELISTED');
insert into public.sellers (id, producer_id, seller_info_id, state) values ('7dadea5b-3d49-4f12-84e9-45d491b3ccbb', 'eb008e96-1a21-4e9e-b086-34d8dcae7323', '9bbfccc7-209e-4939-a060-65ce95f3b043', 'BLACKLISTED');
insert into public.sellers (id, producer_id, seller_info_id, state) values ('bf4c2b7d-2644-4ba0-b3e8-de0d89873e3a', 'de4cdbba-9832-42b7-9294-dbbda71fc5fa', 'ec175903-43b7-4007-981f-cff3ceca7940', 'WHITELISTED');
insert into public.sellers (id, producer_id, seller_info_id, state) values ('953fe1a2-a294-4b26-ad0e-5e38779f076c', 'f559083e-0fd7-4658-8d45-c76c7f59ed07', '06666035-ab75-462f-9c50-f327b4bd752d', 'GREYLISTED');
insert into public.sellers (id, producer_id, seller_info_id, state) values ('3d18f197-df8f-4acc-9abf-ee65111dafdf', '6a614b3a-cd85-49b7-b673-425bc8c2f99e', 'ff41deda-2b65-4b1c-a02f-9369f089ff53', 'REGULAR');
insert into public.sellers (id, producer_id, seller_info_id, state) values ('8b38cda1-854e-418b-acc3-c002291abc43', '7f24f420-c952-488d-b937-006c36a916fd', 'd25bc36d-bf86-4bbf-9beb-fe11b5d3ebb0', 'WHITELISTED');
insert into public.sellers (id, producer_id, seller_info_id, state) values ('c07c9b74-229d-431a-a620-c2ccdce05a03', '645399d7-d70a-4599-872e-b2a9b4d4925e', 'b41fe4f4-9692-407e-aa5d-1fb2a4ee693a', 'REGULAR');
insert into public.sellers (id, producer_id, seller_info_id, state) values ('5615c075-4d5b-49a3-a6cd-8b41e42db841', 'a354ceca-aded-4bef-bac5-fc32d569a9f2', 'b53ac80a-2330-4998-b436-3f54b642bdd9', 'GREYLISTED');
insert into public.sellers (id, producer_id, seller_info_id, state) values ('d9fdfea8-98fa-4900-b90c-ea05662e05cc', '1b5e318a-0ea2-4723-8006-56cf157ebd0a', '7da1cf84-44c0-4a83-bf7b-56d8e94948ae', 'REGULAR');
insert into public.sellers (id, producer_id, seller_info_id, state) values ('25b10ff5-77b5-4616-a8e9-af3b8d2d4d0f', '045f4b34-c98a-4f50-bf7b-00120e04f584', '32a8565d-d3b0-4fa6-a823-391e91278747', 'REGULAR');
insert into public.sellers (id, producer_id, seller_info_id, state) values ('aca7dbdf-f8ea-463f-adc9-04096f216336', 'db735839-af19-4f58-b6ca-01c6737e99a2', '5ac7a6a4-ec99-40ce-9d4d-29f382e9d3d3', 'GREYLISTED');
insert into public.sellers (id, producer_id, seller_info_id, state) values ('9ea3206d-651d-4a77-88d7-fa6b1724a7a9', '8597763e-2ea2-4ba5-9ce9-ffe514469f33', 'e8a00e44-dcba-4f69-a5fe-92c633e7ae21', 'WHITELISTED');
insert into public.sellers (id, producer_id, seller_info_id, state) values ('703d8767-dc7c-46ad-9fd4-71bc473b1f5a', '760fe769-a51c-4140-965c-1f383d69eca1', '9564f7f1-c217-4b03-b251-25b1ee3571be', 'BLACKLISTED');
insert into public.sellers (id, producer_id, seller_info_id, state) values ('3224b0e9-ecf6-4ea6-b74c-e8af02b21ed2', 'b07c65f9-b562-41ea-b177-e205abe93275', '1e3a5180-64a0-41f3-93ce-087be009df1f', 'WHITELISTED');
insert into public.sellers (id, producer_id, seller_info_id, state) values ('10d17ebe-3cb8-4450-944f-ac333b74f4d8', 'ac7f2e45-f9be-4a98-bb8d-3553ab388b71', '5d3b23dd-af58-43a6-b2ee-9931305ca338', 'WHITELISTED');
insert into public.sellers (id, producer_id, seller_info_id, state) values ('3f37515d-b664-46f5-a8b2-72bd4c5f997c', '5132f722-fb8d-4e4a-aec8-fde5fc79e3cb', 'e7c79fe4-e544-4869-871b-ebebeacddb47', 'WHITELISTED');
insert into public.sellers (id, producer_id, seller_info_id, state) values ('7b587c8c-01c6-4b98-96d6-95394f528893', '8597763e-2ea2-4ba5-9ce9-ffe514469f33', '5cb719f5-c7c1-44a2-8ec9-5c6c48cd057c', 'WHITELISTED');
insert into public.sellers (id, producer_id, seller_info_id, state) values ('42adfef0-7e41-478a-b38a-7d43f82d82d3', 'a30c7f43-00a6-4009-a01c-3c0fe501b2da', 'a13539e3-99ce-4db9-a1f5-8a2223a35cf6', 'GREYLISTED');
insert into public.sellers (id, producer_id, seller_info_id, state) values ('41e92e07-14cf-4fe3-b3c2-4bf9f61302a2', '8e78e024-37e4-47ce-a34b-748aa5198616', '1a7f722b-62cf-43e4-a0b1-c7db0235537b', 'REGULAR');
insert into public.sellers (id, producer_id, seller_info_id, state) values ('d5abb74a-cf1b-45bb-bde3-c59271d66fb0', 'ee7feca9-e85f-4f25-ae60-f41f3787f3e7', '3d5b9315-d450-4838-8b90-661dfb0868d1', 'GREYLISTED');
insert into public.sellers (id, producer_id, seller_info_id, state) values ('cdc17f31-98d3-4acd-979b-b313d32984af', '73d15f37-5cb3-4860-8410-c1c78d769121', '6437b9b3-e838-4ff9-bcd8-3be1cf5f49fe', 'GREYLISTED');
insert into public.sellers (id, producer_id, seller_info_id, state) values ('a802080c-d98c-41a2-8716-12d8f7d2fefa', '77871b6d-23b5-417b-95fc-de2052b9d73d', '4504aa8c-b96b-4b97-b51e-cace53255857', 'REGULAR');
insert into public.sellers (id, producer_id, seller_info_id, state) values ('9fc99fbc-0661-4ddc-a7b5-0607f85ad6dc', '5771ba06-a4be-43bd-8ef7-d11107a41374', 'e825cbbc-cc83-4120-bcf7-5c5f6beaea40', 'BLACKLISTED');
insert into public.sellers (id, producer_id, seller_info_id, state) values ('61f36341-348f-4245-9a79-0c4cd083dbb0', '2692e27c-6289-4e25-bf4a-c86754f401ac', '7bfbed09-1c8a-44e8-a8d6-6d4c4d3e2dce', 'REGULAR');
insert into public.sellers (id, producer_id, seller_info_id, state) values ('9667e8e9-c229-4505-b209-aa3a4db39fbf', '624fdd50-63c8-4c68-8bd0-07447f7bdfb7', '1deab9cb-6272-4c97-bb98-e6e6ff67518a', 'WHITELISTED');
insert into public.sellers (id, producer_id, seller_info_id, state) values ('5aa7c78c-2d05-4493-9039-a6082fb6951f', '2692e27c-6289-4e25-bf4a-c86754f401ac', 'd1e9ba58-750f-49ec-a2a8-7fd6a1b65a8e', 'GREYLISTED');
insert into public.sellers (id, producer_id, seller_info_id, state) values ('18309055-d0e7-43b0-9d04-5be5e0ae6029', '1b5e318a-0ea2-4723-8006-56cf157ebd0a', '9139ce5b-c124-41f2-aec7-13e713eaf1cc', 'BLACKLISTED');
insert into public.sellers (id, producer_id, seller_info_id, state) values ('c4e44680-994b-4166-adb2-97ade7c4ea1b', '0f4f0ea4-e369-4bc8-b343-3755da1222a3', '2b8ec4a9-7e37-4c6c-a9fa-5467324a94ea', 'REGULAR');
insert into public.sellers (id, producer_id, seller_info_id, state) values ('8322a97f-2e15-4586-9ce7-c692a807e8dc', '6a807f10-d51c-4718-9d7d-d48e80e5dde0', '6418770c-98c4-4ce9-b4a1-d976605c057c', 'REGULAR');
insert into public.sellers (id, producer_id, seller_info_id, state) values ('67939c8f-fd7f-4d4d-8c00-40ad699b46dc', 'eb683198-138c-4111-ab06-3e0df85beef4', '028e11af-c84c-4c2f-bb0d-37a8730fa14a', 'WHITELISTED');
insert into public.sellers (id, producer_id, seller_info_id, state) values ('5ab34153-01db-454a-9ab4-02ba5983ef30', '0807e6ad-26be-42fe-8dcf-d41702ae42b0', 'd72b3eca-e82f-4072-bd6f-90455d940daa', 'GREYLISTED');
insert into public.sellers (id, producer_id, seller_info_id, state) values ('875daaa9-7e8a-43f0-8a4a-90bc9c7aa9b0', '70fa3018-3e82-4884-93e1-bf6bd9e2c5a3', 'a66ee03d-c816-49f0-a232-1770ba222503', 'GREYLISTED');
insert into public.sellers (id, producer_id, seller_info_id, state) values ('55476ca0-817e-4cda-a9b4-bff1a72c2b9b', 'c472ce72-9508-4ac0-bf53-fc290dc7fa85', '5263d347-67bb-43f9-bd53-97cc1935ec38', 'WHITELISTED');
insert into public.sellers (id, producer_id, seller_info_id, state) values ('e8f338c1-e410-46aa-b57c-05ee1c24e05c', '29ea6cda-d5d7-47d7-bb99-310a426fc111', '350f91c5-8789-42ee-9a3a-132c2026341b', 'REGULAR');
insert into public.sellers (id, producer_id, seller_info_id, state) values ('da2308f1-0ff6-4ec9-91cb-05ad0ef5b2d1', '7b610001-f291-49c2-95a2-7b40a712e34f', '6418770c-98c4-4ce9-b4a1-d976605c057c', 'GREYLISTED');
insert into public.sellers (id, producer_id, seller_info_id, state) values ('4c92987b-c840-4066-a649-d76859a09f55', 'f7a0bb9f-b41b-4cd0-8f28-7296d9038f1f', '1a7f722b-62cf-43e4-a0b1-c7db0235537b', 'REGULAR');
insert into public.sellers (id, producer_id, seller_info_id, state) values ('26d3265c-cba8-46bb-8e3f-16cc6a86efc4', '965d794c-add2-474c-ab06-d1e3fc805bc1', 'ec19b55e-94ac-4f78-82b8-5071362d71cc', 'BLACKLISTED');
insert into public.sellers (id, producer_id, seller_info_id, state) values ('bc098926-5a8d-4c91-9dd6-b1d866ce9967', '0fd39dd4-e081-45de-bfe7-5d28ecd44cf3', '33eccc1b-fef6-47c6-a057-19b557d0c892', 'GREYLISTED');
insert into public.sellers (id, producer_id, seller_info_id, state) values ('81831afe-6b4c-458d-bad0-70b3ffefbb43', 'afd54bb1-3fac-408a-adcb-e9d01a7d54ae', '32a8565d-d3b0-4fa6-a823-391e91278747', 'REGULAR');
insert into public.sellers (id, producer_id, seller_info_id, state) values ('010a5cbe-8fcf-4f5f-9466-39daaeb88eb8', '965d794c-add2-474c-ab06-d1e3fc805bc1', '5bc7423f-964d-4b2c-923c-79fba68dd8a3', 'WHITELISTED');
insert into public.sellers (id, producer_id, seller_info_id, state) values ('4b1a4d28-02b1-4543-afad-175b71ef6843', 'fde190c3-3ec9-4981-af3d-4ab8c5e203fa', '1fa8daba-bd1c-45a8-8f1c-31b4b9e0deb9', 'WHITELISTED');
insert into public.sellers (id, producer_id, seller_info_id, state) values ('cfdd5d9a-dce6-42b5-9c30-dec6da19a360', '0297dd2a-54bc-4481-8e94-a52a136d235d', 'ae86e966-4702-487b-a7bb-ae9fa49bfd34', 'GREYLISTED');
insert into public.sellers (id, producer_id, seller_info_id, state) values ('493afee6-b9bc-4ad7-8f17-edbbe2a096a9', '7b610001-f291-49c2-95a2-7b40a712e34f', 'e1966fbf-fd29-45ee-a13d-4372f5291f6d', 'WHITELISTED');
insert into public.sellers (id, producer_id, seller_info_id, state) values ('9cf0b448-acd6-4b46-a2fc-c5470a300eb6', '9c8fb574-7ed4-478e-bf00-90623ae58c6a', 'c85fbfc6-0cf2-42c8-a7bb-00e8eb8532e7', 'REGULAR');
insert into public.sellers (id, producer_id, seller_info_id, state) values ('b52dfdae-a890-4799-a7a5-e63388813b7f', 'b55903f6-9dc8-4af5-9465-fec362b7d9c1', '5ae0329f-1ffa-4c2a-8749-773a04b6b80b', 'GREYLISTED');
insert into public.sellers (id, producer_id, seller_info_id, state) values ('cf6a1ef1-5146-45f2-8b6e-d8caa5479176', '7b610001-f291-49c2-95a2-7b40a712e34f', '1e3a5180-64a0-41f3-93ce-087be009df1f', 'WHITELISTED');
insert into public.sellers (id, producer_id, seller_info_id, state) values ('4e1aa54f-d87c-4ce0-a34e-d940d1576a70', 'd70293c8-1512-46c4-8e3d-b48ff5055e1d', '63b10493-f00d-44a3-abf5-0fa2e78874d8', 'BLACKLISTED');
insert into public.sellers (id, producer_id, seller_info_id, state) values ('fb2a72b3-7988-41fd-b758-f90283f2b97b', 'b6543870-79fa-4286-b1b8-2491c35b1687', '2e08526c-9d7c-4ec0-a373-f94858e604b3', 'WHITELISTED');
insert into public.sellers (id, producer_id, seller_info_id, state) values ('2bf0ec1c-3f54-4004-ad9c-5d6acf0f08db', '7fb8001d-e7cc-4fc2-b62a-e6ae653af262', 'f57b2bb8-a8dd-4f6c-9e74-ba3d28009ed4', 'GREYLISTED');
insert into public.sellers (id, producer_id, seller_info_id, state) values ('b38b9050-c3e5-4084-9461-5d36861c74c0', '9b2ad672-9134-4f39-a794-1a549920157d', '06666035-ab75-462f-9c50-f327b4bd752d', 'BLACKLISTED');
insert into public.sellers (id, producer_id, seller_info_id, state) values ('8b6cfa38-9900-43a1-8926-8134cc58b945', '91a00b9d-870d-48cf-9d6c-086e364caa31', '9ad97538-6dba-4dc7-8c17-7f157303d82c', 'BLACKLISTED');
insert into public.sellers (id, producer_id, seller_info_id, state) values ('50eb91d8-038f-4e01-9f99-96a2c1e2ad56', '2692e27c-6289-4e25-bf4a-c86754f401ac', '13e680a0-8dc8-4fd9-bdfc-e42290c93055', 'BLACKLISTED');
insert into public.sellers (id, producer_id, seller_info_id, state) values ('b0fce1b2-e579-4dad-b6f5-906ce3df9c81', '256fe989-8c48-4aa4-92f6-f60c66fc9b2f', '2f7ad90a-5a67-4c5b-962e-488adf753bc3', 'REGULAR');
insert into public.sellers (id, producer_id, seller_info_id, state) values ('2674bf42-c593-4516-beac-c1b0efab3ed6', 'f4e7f3ee-13f5-45f4-809b-3cbe895b4cb7', 'f86bbbd0-ea2a-4bbb-a3bf-2c2a1feef9e2', 'WHITELISTED');
insert into public.sellers (id, producer_id, seller_info_id, state) values ('19ca59e2-f44b-4176-8965-dba89241acd8', 'fb4a712c-9f15-4b8a-a844-d9b84fe88aa9', '3558c543-3b44-4de0-b527-771ba934822a', 'BLACKLISTED');
insert into public.sellers (id, producer_id, seller_info_id, state) values ('6f32279a-002d-4fdc-92bc-d115a030a27d', 'd6f451b7-5705-4f8a-90eb-fe19250ca47a', '84a96cf8-b487-469c-9e7d-af7b77860827', 'GREYLISTED');
insert into public.sellers (id, producer_id, seller_info_id, state) values ('67ac000f-b65f-4d28-be7d-2e5c4cd978d7', 'ee7feca9-e85f-4f25-ae60-f41f3787f3e7', 'fec13057-78d1-449f-bacd-152b97b4762e', 'GREYLISTED');
insert into public.sellers (id, producer_id, seller_info_id, state) values ('167cde61-dd5d-4641-9b12-3347865b9f4c', '4e4a9292-8a21-4aae-b0cf-da9c11d2f19e', '350f91c5-8789-42ee-9a3a-132c2026341b', 'WHITELISTED');
insert into public.sellers (id, producer_id, seller_info_id, state) values ('7278a62d-475e-4eef-a89d-2bb92329d4f0', '1308656c-de6d-432b-8d1b-4e7638fe8e39', 'b41fe4f4-9692-407e-aa5d-1fb2a4ee693a', 'GREYLISTED');
insert into public.sellers (id, producer_id, seller_info_id, state) values ('a751cab2-5f1f-4c51-b02d-c2ca77caa019', '1308656c-de6d-432b-8d1b-4e7638fe8e39', 'e7c79fe4-e544-4869-871b-ebebeacddb47', 'WHITELISTED');
insert into public.sellers (id, producer_id, seller_info_id, state) values ('1a74e003-68a4-4052-bf67-983587819284', '671b3aea-5f17-4f09-a7bf-6fbece79e7ad', '38814b76-e229-414e-b3f6-66b6794acf1c', 'REGULAR');
insert into public.sellers (id, producer_id, seller_info_id, state) values ('d0ad7859-45c9-4ca6-9f6e-5a5288166098', '9237e2d3-5942-446c-88f8-e55198f51395', '5f63e2b5-4949-4f76-8450-3c8114f5ccb5', 'REGULAR');
insert into public.sellers (id, producer_id, seller_info_id, state) values ('ecaee5ac-ba98-490f-bbe8-68f23f5bd672', '0807e6ad-26be-42fe-8dcf-d41702ae42b0', 'a9e5c985-c188-47d2-983e-38c35cc81389', 'WHITELISTED');
insert into public.sellers (id, producer_id, seller_info_id, state) values ('4b003b93-5877-4df2-b862-643338c1eb41', 'a354ceca-aded-4bef-bac5-fc32d569a9f2', 'b9c4aea6-4e53-4dee-900e-a63475c76824', 'BLACKLISTED');
insert into public.sellers (id, producer_id, seller_info_id, state) values ('8b0d84ad-16f0-4a46-948d-8fb444a74c49', 'a01698b1-2769-4b2a-95c4-fd1c246905ef', '33eccc1b-fef6-47c6-a057-19b557d0c892', 'REGULAR');
insert into public.sellers (id, producer_id, seller_info_id, state) values ('05c8bb44-0270-4b81-86d7-c0debeeef44c', '4db03d43-a05e-430c-b1a9-cf191c6d78a7', '38091567-fd77-4246-a839-3061e5ebece1', 'BLACKLISTED');
insert into public.sellers (id, producer_id, seller_info_id, state) values ('940c0077-2711-4e56-b0c1-d3ff83b989bb', 'f7a0bb9f-b41b-4cd0-8f28-7296d9038f1f', '7da1cf84-44c0-4a83-bf7b-56d8e94948ae', 'WHITELISTED');
insert into public.sellers (id, producer_id, seller_info_id, state) values ('a7cbc164-8bb4-4273-a3a6-283c4fcc4403', 'a4be97f9-67a6-4512-9322-1b6e204ed498', 'dfb2981e-6179-44cd-9985-ca299b697f3e', 'GREYLISTED');
insert into public.sellers (id, producer_id, seller_info_id, state) values ('8e742718-22ab-49a8-ba45-a8b2a87ac37a', 'd7631166-1f6f-4105-99a6-bc1a06301074', '2a0d2578-fda9-4fe2-8a51-436681853e60', 'GREYLISTED');
insert into public.sellers (id, producer_id, seller_info_id, state) values ('d332128a-239a-459a-a443-35c1bbd8a908', '7882de10-c31d-457d-8f14-434363a79c40', '6437b9b3-e838-4ff9-bcd8-3be1cf5f49fe', 'WHITELISTED');
insert into public.sellers (id, producer_id, seller_info_id, state) values ('2d144a33-5a31-4ecd-a795-9aa1034262e4', '5132f722-fb8d-4e4a-aec8-fde5fc79e3cb', '64e79e0c-0cbd-4dbb-8a5a-25f4a3f3d50e', 'WHITELISTED');
insert into public.sellers (id, producer_id, seller_info_id, state) values ('837a09db-52e6-4d4d-ad87-8579ca5b1cc5', '1b5e318a-0ea2-4723-8006-56cf157ebd0a', '83557f65-9e1b-4ee1-872e-653b958fdc0b', 'GREYLISTED');
insert into public.sellers (id, producer_id, seller_info_id, state) values ('c50aa0e7-5018-4806-bf5a-9dd34a8355c3', 'ee7feca9-e85f-4f25-ae60-f41f3787f3e7', 'b651c2a9-95d3-4973-bb06-1724e7ff3711', 'BLACKLISTED');
insert into public.sellers (id, producer_id, seller_info_id, state) values ('30a98947-c5c6-4189-ac15-5909bc8be7a9', '9237e2d3-5942-446c-88f8-e55198f51395', 'c8638862-6cef-45bd-afd2-c59784adb4ad', 'REGULAR');
insert into public.sellers (id, producer_id, seller_info_id, state) values ('1d47f0d8-dcde-4918-900f-f55f7a4f7021', '6bc074a8-27cb-4864-a074-7a851b429601', '41bbf981-8855-48ef-a023-801cce2c48c5', 'REGULAR');
insert into public.sellers (id, producer_id, seller_info_id, state) values ('fea23997-11dd-4d7c-b6dc-084f592bb021', '6a614b3a-cd85-49b7-b673-425bc8c2f99e', '8e6c8919-475c-4e58-b66b-941e689c3fcc', 'BLACKLISTED');
insert into public.sellers (id, producer_id, seller_info_id, state) values ('b766533b-42b0-448d-8aa2-df184955cceb', 'e7724b7e-2f82-4397-bbe3-471aaaef54b7', 'e5960d15-9c43-4ee9-8b81-b016df1a4206', 'GREYLISTED');
insert into public.sellers (id, producer_id, seller_info_id, state) values ('d07a3d2a-5fe9-4ee8-ab90-b7f1ca354424', '2c2d2398-ccc0-4658-a32d-2572e832d613', 'e7c79fe4-e544-4869-871b-ebebeacddb47', 'REGULAR');
insert into public.sellers (id, producer_id, seller_info_id, state) values ('6a490d2b-5284-4b5e-824b-9f431c200cce', '0e4a352d-8355-4d6e-a846-58d983416367', 'cf6a0ecb-2651-42ff-a729-2b4227c02fc0', 'BLACKLISTED');
insert into public.sellers (id, producer_id, seller_info_id, state) values ('4351604c-1d38-46b2-acbb-edd1b0bd7c42', '4afa9e02-9f2c-48ac-9c46-611cfa339603', 'e5960d15-9c43-4ee9-8b81-b016df1a4206', 'WHITELISTED');
insert into public.sellers (id, producer_id, seller_info_id, state) values ('f3470ca3-8b1e-494f-8f3b-d1f36384dad2', 'fb4a712c-9f15-4b8a-a844-d9b84fe88aa9', 'a6dc3116-a9e2-40bc-af5c-fa0478e28ec9', 'GREYLISTED');
insert into public.sellers (id, producer_id, seller_info_id, state) values ('163b2bd5-f55d-40d4-b779-813519485353', '045f4b34-c98a-4f50-bf7b-00120e04f584', 'e9e2ac2d-6aba-499d-a7d9-4400b1553e39', 'REGULAR');
insert into public.sellers (id, producer_id, seller_info_id, state) values ('30f84b0c-fb7a-4323-9277-b545bb972ccd', 'de5087b2-7ed2-4cd4-a62e-db9b4291c87d', '2b97b66e-2912-426c-8141-ff78346b333b', 'GREYLISTED');
insert into public.sellers (id, producer_id, seller_info_id, state) values ('8a0d480b-32ba-433b-8e25-1f5b66a89d06', 'e836004d-c8ea-4c0f-83dc-96671d600c9d', '22ce1ecd-d61e-44d5-a5db-39676e0758aa', 'WHITELISTED');
insert into public.sellers (id, producer_id, seller_info_id, state) values ('1446a624-8a0f-46a8-b990-2c029a0839ed', 'a354ceca-aded-4bef-bac5-fc32d569a9f2', '7941ce45-a42f-4d6f-99bb-b0e9d51bec25', 'WHITELISTED');
insert into public.sellers (id, producer_id, seller_info_id, state) values ('2312eb63-2e06-458d-ab19-e5c5ab1ce8ff', '3742bfcf-af35-4911-a145-618c6b071fdc', '3b1a72f8-ed2e-485f-9543-ccf3009f6255', 'REGULAR');
insert into public.sellers (id, producer_id, seller_info_id, state) values ('17c0ed5c-347c-4071-bfb5-6b308b0ca28b', '6a614b3a-cd85-49b7-b673-425bc8c2f99e', '9713bc9b-a86f-4d54-92ed-c5f3bf1b80d5', 'BLACKLISTED');
insert into public.sellers (id, producer_id, seller_info_id, state) values ('17c709a5-c168-4275-9c19-ee020d76e4e8', '986cf9a9-987a-4f97-9254-4c2a001a0fd1', '9dcd74e9-3ecf-46de-a8dc-3f1cdb9cd98d', 'GREYLISTED');
insert into public.sellers (id, producer_id, seller_info_id, state) values ('a8c17302-c537-4427-800a-b30844e9cf03', 'fdc7836e-3e06-4aad-b1bf-ec9808fbf234', '648c6a9c-2166-4890-bb2c-df107f4e9310', 'BLACKLISTED');
insert into public.sellers (id, producer_id, seller_info_id, state) values ('65c60d3f-2640-4723-a889-ad65f90db0c9', '571f1e7f-47d4-474a-a60e-712cddaa38e2', 'd25bc36d-bf86-4bbf-9beb-fe11b5d3ebb0', 'BLACKLISTED');
insert into public.sellers (id, producer_id, seller_info_id, state) values ('f29f199a-7955-4412-918a-3f1cc1575a96', '9c8fb574-7ed4-478e-bf00-90623ae58c6a', '7256b9da-840e-4f05-878f-af8dadb8a632', 'REGULAR');
insert into public.sellers (id, producer_id, seller_info_id, state) values ('e5c90026-0255-4012-bc9e-a24a4f9ab5db', '5771ba06-a4be-43bd-8ef7-d11107a41374', '98ccc391-a6b5-4d67-ac10-a8f92afd8d5d', 'BLACKLISTED');
insert into public.sellers (id, producer_id, seller_info_id, state) values ('88dd1edf-4306-41fb-91ac-69a82fde637e', 'eb683198-138c-4111-ab06-3e0df85beef4', '1c8e0618-75b8-498c-8632-ad8222e85b87', 'BLACKLISTED');
insert into public.sellers (id, producer_id, seller_info_id, state) values ('3475e30f-e962-4892-8a99-fcf0d64f5c74', '8922c843-47fa-438d-9eb9-78116f15b058', '0e09fb01-d2df-461e-bb63-7506ef726948', 'REGULAR');
insert into public.sellers (id, producer_id, seller_info_id, state) values ('b343fc49-0c9e-475f-8196-830d39603705', 'd74a907f-21b0-4898-88e0-6796414e8e3c', '9ce8707e-d5f8-4bd1-b2c6-6fa24454f6d5', 'REGULAR');
insert into public.sellers (id, producer_id, seller_info_id, state) values ('e6c713a6-cf6e-4122-bf4e-763085293965', '965d794c-add2-474c-ab06-d1e3fc805bc1', 'bb2a123b-c572-4d0e-8b0b-2b6fbe13dfbd', 'BLACKLISTED');
insert into public.sellers (id, producer_id, seller_info_id, state) values ('0b9b026a-72c6-4fb2-8ad8-575c41e51fd0', 'f4e7f3ee-13f5-45f4-809b-3cbe895b4cb7', '8cf88cd4-3c1a-4521-83ac-8023b03cafee', 'GREYLISTED');
insert into public.sellers (id, producer_id, seller_info_id, state) values ('e5ae8cce-468f-4004-a4a5-1ea165d21b02', 'd6f451b7-5705-4f8a-90eb-fe19250ca47a', 'e6d1ee45-2141-4022-abc4-afd6a3287dd1', 'REGULAR');
insert into public.sellers (id, producer_id, seller_info_id, state) values ('8c62285a-b4d6-492b-ad0f-f43e08388e3f', 'a01698b1-2769-4b2a-95c4-fd1c246905ef', '0e09fb01-d2df-461e-bb63-7506ef726948', 'WHITELISTED');
insert into public.sellers (id, producer_id, seller_info_id, state) values ('22bb5518-1fee-462c-9752-f0e396ab1076', 'd6be6a06-11d6-42f2-a28f-dba9988afc30', 'c3d6d473-f250-4ec3-b45c-aada8b812e40', 'BLACKLISTED');
insert into public.sellers (id, producer_id, seller_info_id, state) values ('aed6d844-fe7a-4feb-80ce-fff28d768b9b', '624fdd50-63c8-4c68-8bd0-07447f7bdfb7', '98ccc391-a6b5-4d67-ac10-a8f92afd8d5d', 'GREYLISTED');
insert into public.sellers (id, producer_id, seller_info_id, state) values ('09be5696-9e0f-42ab-8eac-273c02c4353a', '0fd39dd4-e081-45de-bfe7-5d28ecd44cf3', '3fc3f020-1bff-4f5c-a63b-6331dbbb5897', 'GREYLISTED');
insert into public.sellers (id, producer_id, seller_info_id, state) values ('300286b5-24fa-4ed2-8cd2-856d5f3da21f', '1b5e318a-0ea2-4723-8006-56cf157ebd0a', '607055b1-c10b-4976-a4bd-8e741b7908b0', 'GREYLISTED');
insert into public.sellers (id, producer_id, seller_info_id, state) values ('e46cd48a-98af-4afd-975f-a5aaccaaec31', '4373af1f-94a5-4579-956b-1609cf0eb4d9', '98ccc391-a6b5-4d67-ac10-a8f92afd8d5d', 'BLACKLISTED');
insert into public.sellers (id, producer_id, seller_info_id, state) values ('ac71d5fc-693d-42d1-b5fd-31341361fc98', '9c8fb574-7ed4-478e-bf00-90623ae58c6a', 'c3d6d473-f250-4ec3-b45c-aada8b812e40', 'REGULAR');
insert into public.sellers (id, producer_id, seller_info_id, state) values ('dbec5a2b-309b-476a-ba3e-5df179ac26d3', '7b610001-f291-49c2-95a2-7b40a712e34f', 'c85fbfc6-0cf2-42c8-a7bb-00e8eb8532e7', 'REGULAR');
insert into public.sellers (id, producer_id, seller_info_id, state) values ('82593229-6c13-40e4-a132-86c1c44732ba', 'ee7feca9-e85f-4f25-ae60-f41f3787f3e7', '5bc7423f-964d-4b2c-923c-79fba68dd8a3', 'GREYLISTED');
insert into public.sellers (id, producer_id, seller_info_id, state) values ('2c8cfd9f-ce7a-4645-bd65-9e072820964c', '4373af1f-94a5-4579-956b-1609cf0eb4d9', '5d3b23dd-af58-43a6-b2ee-9931305ca338', 'REGULAR');
insert into public.sellers (id, producer_id, seller_info_id, state) values ('d6103379-4865-43d7-811f-f38aec85871a', '4373af1f-94a5-4579-956b-1609cf0eb4d9', '9bfabb97-1bef-4b0d-acd8-7a1683d8826a', 'REGULAR');
insert into public.sellers (id, producer_id, seller_info_id, state) values ('059fbd3d-9ae4-4697-9d93-80a94139f583', 'eb008e96-1a21-4e9e-b086-34d8dcae7323', 'aa95854d-439c-4b8a-a801-418a19d93d01', 'BLACKLISTED');
insert into public.sellers (id, producer_id, seller_info_id, state) values ('3df624d3-5d65-490b-b0d6-a663feb0213c', '986cf9a9-987a-4f97-9254-4c2a001a0fd1', '78a0aa79-ed70-43b9-b162-8a90e15e5cef', 'REGULAR');
insert into public.sellers (id, producer_id, seller_info_id, state) values ('02997660-a6fa-41f4-9326-15bf43bc739d', 'b7b837e6-aaa3-4142-be76-c957a60d2bbd', '63b10493-f00d-44a3-abf5-0fa2e78874d8', 'BLACKLISTED');
insert into public.sellers (id, producer_id, seller_info_id, state) values ('d5b130e7-1894-424b-87e3-01669a5b1c94', 'db735839-af19-4f58-b6ca-01c6737e99a2', '41bbf981-8855-48ef-a023-801cce2c48c5', 'REGULAR');
insert into public.sellers (id, producer_id, seller_info_id, state) values ('2ca561da-b353-48dd-b28d-a6b22100fd04', 'c4b95742-15a9-4995-9dfe-ad4b7126547d', 'de3945df-85df-4329-a6e5-9f963a4922f5', 'REGULAR');
insert into public.sellers (id, producer_id, seller_info_id, state) values ('d067ab4d-078f-44a1-a018-a96225c7e7a8', '887f6429-963c-479e-858c-1ada06bd224a', '798eeaaa-68e1-42d2-bead-f3e2dee6bd34', 'BLACKLISTED');
insert into public.sellers (id, producer_id, seller_info_id, state) values ('931d9454-c673-42f0-be87-ee7b1a2fefa1', 'e81a72fa-2a0c-42cf-9a5f-bfe44c95356b', '94d306d5-f255-40ab-8cb0-0f70d641c6ff', 'WHITELISTED');
insert into public.sellers (id, producer_id, seller_info_id, state) values ('7dc269bd-b3db-43d5-8625-1430ae0428de', '6bc074a8-27cb-4864-a074-7a851b429601', 'e106d528-a6bb-494d-99fc-38000e81a6e6', 'GREYLISTED');
insert into public.sellers (id, producer_id, seller_info_id, state) values ('d0fc7cf9-4cc0-4012-a96f-b8630b8c2af2', 'c57fef97-2efe-450c-854b-70ec9cf0a6e0', 'f897c5dd-68a9-41f2-b05a-27d7cb7cd0da', 'BLACKLISTED');
insert into public.sellers (id, producer_id, seller_info_id, state) values ('d8eac6bb-a093-47c0-9faf-5659afdaa764', '4373af1f-94a5-4579-956b-1609cf0eb4d9', 'f57b2bb8-a8dd-4f6c-9e74-ba3d28009ed4', 'GREYLISTED');
insert into public.sellers (id, producer_id, seller_info_id, state) values ('40e0fd7d-0571-47fd-b375-06274a89a8ef', 'f4e7f3ee-13f5-45f4-809b-3cbe895b4cb7', '6418770c-98c4-4ce9-b4a1-d976605c057c', 'BLACKLISTED');
insert into public.sellers (id, producer_id, seller_info_id, state) values ('3529045e-cf13-4b5e-991b-9eb07f069df8', '4d9493cb-bd98-49cf-9774-87f2559f6d69', '537a6f02-7636-427f-aa25-87746c298f2b', 'BLACKLISTED');
insert into public.sellers (id, producer_id, seller_info_id, state) values ('4afacb2d-862e-4aec-b732-6c2b343a14dc', '77871b6d-23b5-417b-95fc-de2052b9d73d', 'bfae10ba-023c-4098-aa17-f0ba7682db25', 'REGULAR');
insert into public.sellers (id, producer_id, seller_info_id, state) values ('29985290-c05e-49d0-8e5b-6cd5d4995cf7', '9237e2d3-5942-446c-88f8-e55198f51395', '7287f26f-506d-409a-acc0-e41864f4bc9c', 'REGULAR');
insert into public.sellers (id, producer_id, seller_info_id, state) values ('7e5b56ef-ed5b-4d86-8a1b-31d9922bf119', '4373af1f-94a5-4579-956b-1609cf0eb4d9', '649e0e32-99ae-498c-8143-e36fd208b106', 'REGULAR');
insert into public.sellers (id, producer_id, seller_info_id, state) values ('1a673fe6-86d6-4520-a087-fd458832800f', '73d15f37-5cb3-4860-8410-c1c78d769121', 'd2f93d54-b897-40aa-9ca2-a2d04777368c', 'WHITELISTED');
insert into public.sellers (id, producer_id, seller_info_id, state) values ('ac7d0568-4a7f-4a01-b23d-94b3ebeed0b2', 'b07c65f9-b562-41ea-b177-e205abe93275', 'c0252b07-f79d-4d01-be67-14f377e1c512', 'REGULAR');
insert into public.sellers (id, producer_id, seller_info_id, state) values ('2c71f9ad-a2a0-41f9-b069-d38981ea0007', '571f1e7f-47d4-474a-a60e-712cddaa38e2', 'b9f94b53-db8a-4904-98c2-f47cd84f4bf3', 'GREYLISTED');
insert into public.sellers (id, producer_id, seller_info_id, state) values ('5b71498e-91bc-4922-8e5e-a91c5c58d64e', 'e7724b7e-2f82-4397-bbe3-471aaaef54b7', '33eccc1b-fef6-47c6-a057-19b557d0c892', 'GREYLISTED');
insert into public.sellers (id, producer_id, seller_info_id, state) values ('323c63dc-2922-4b96-b03f-d230bddd954e', '4373af1f-94a5-4579-956b-1609cf0eb4d9', '36d87ced-c888-49ba-9690-0e6856977a2c', 'GREYLISTED');
insert into public.sellers (id, producer_id, seller_info_id, state) values ('7e0f96f6-3b58-4ee5-86f3-f41d01b8b469', 'cbb881e2-1663-41e8-89bc-5f59da6f0859', '84ac3e87-3c1f-4ca1-b97d-54a21135b6ff', 'WHITELISTED');
insert into public.sellers (id, producer_id, seller_info_id, state) values ('f4ca96cb-5aae-449b-af81-f7c5381b94cb', '8e0835e1-ad2e-4e89-9bd4-869f5d1597e2', '350f91c5-8789-42ee-9a3a-132c2026341b', 'REGULAR');
insert into public.sellers (id, producer_id, seller_info_id, state) values ('c4696ea4-972e-4dd1-86fa-29fde87f67cc', '760fe769-a51c-4140-965c-1f383d69eca1', 'e411a85e-93fd-4b8e-90ce-28125354d4ae', 'REGULAR');
insert into public.sellers (id, producer_id, seller_info_id, state) values ('476af4b6-d834-49a6-b4fe-8004f1b0a4e8', '5771ba06-a4be-43bd-8ef7-d11107a41374', 'c8638862-6cef-45bd-afd2-c59784adb4ad', 'WHITELISTED');
insert into public.sellers (id, producer_id, seller_info_id, state) values ('2b02fd00-72cd-4736-9e88-1d97891474cf', '8597763e-2ea2-4ba5-9ce9-ffe514469f33', '5d39df20-56b6-45eb-8384-159543e6f921', 'BLACKLISTED');
insert into public.sellers (id, producer_id, seller_info_id, state) values ('ce2014d7-4c37-425e-93a1-c79b86905ddd', '9237e2d3-5942-446c-88f8-e55198f51395', '086bd35c-cdc0-4030-8904-3daaf38aecb4', 'REGULAR');
insert into public.sellers (id, producer_id, seller_info_id, state) values ('e886aff9-5a70-488e-977d-80948d63f03c', 'e81a72fa-2a0c-42cf-9a5f-bfe44c95356b', 'e106d528-a6bb-494d-99fc-38000e81a6e6', 'WHITELISTED');
insert into public.sellers (id, producer_id, seller_info_id, state) values ('1d940102-47a3-4e8a-9ba4-a0f3d356dbaf', '0807e6ad-26be-42fe-8dcf-d41702ae42b0', '3558c543-3b44-4de0-b527-771ba934822a', 'BLACKLISTED');
insert into public.sellers (id, producer_id, seller_info_id, state) values ('7a285a31-bc95-4f53-99b1-d77e4ef4c214', '8e0835e1-ad2e-4e89-9bd4-869f5d1597e2', '5b178eb3-eb9b-4267-bcba-8b43b28343ae', 'REGULAR');
insert into public.sellers (id, producer_id, seller_info_id, state) values ('b8d446fe-2323-4509-b47b-866635f01212', '5c3e2dd2-a96b-4d43-86bd-84903d1e2160', 'a6dc3116-a9e2-40bc-af5c-fa0478e28ec9', 'GREYLISTED');
insert into public.sellers (id, producer_id, seller_info_id, state) values ('862b2d62-996d-436e-8d31-cc76a189da99', 'fd53ba8b-c1bf-4510-953d-47ef9bf994d2', '2e09c8f6-dd88-46f7-a476-e8d80973ae2d', 'WHITELISTED');
insert into public.sellers (id, producer_id, seller_info_id, state) values ('22c3827e-a5e3-4f76-9b29-d89b836c5817', '965d794c-add2-474c-ab06-d1e3fc805bc1', 'cd085242-92ef-4061-a598-bc49e7f98960', 'WHITELISTED');
insert into public.sellers (id, producer_id, seller_info_id, state) values ('fd5ea9af-78ee-48aa-8d13-04f2eaf9e16b', 'ea3832fd-800f-4531-a839-1544b7c4ef3b', 'e37f7db8-194d-48a0-abca-3ea34aa77ddf', 'BLACKLISTED');
insert into public.sellers (id, producer_id, seller_info_id, state) values ('71fc8fa9-e6b3-40dc-96fa-626fda414a0a', '16f339b2-2446-4649-be25-dbb27c476f06', '8e6c8919-475c-4e58-b66b-941e689c3fcc', 'GREYLISTED');
insert into public.sellers (id, producer_id, seller_info_id, state) values ('8c807c9a-96cd-46c1-8454-2d4742f0dd3c', '6a36ba26-a6a8-461e-98d9-5b5bc400d819', 'f59d5db3-c7ed-4ead-b82e-77e33603d151', 'GREYLISTED');
insert into public.sellers (id, producer_id, seller_info_id, state) values ('07b758aa-13f6-43bc-81da-7bed636eed0f', '7f87e423-0415-4b81-9e93-f7a5ae613539', 'cd447fbe-08be-4b67-902f-2fedea664079', 'REGULAR');
insert into public.sellers (id, producer_id, seller_info_id, state) values ('15295b8c-da50-4da2-aafe-c8abf49a47ea', 'ee7feca9-e85f-4f25-ae60-f41f3787f3e7', '1a7f722b-62cf-43e4-a0b1-c7db0235537b', 'BLACKLISTED');
insert into public.sellers (id, producer_id, seller_info_id, state) values ('684f5a0b-7db1-45e5-b70b-3cbb6b303ff0', 'c472ce72-9508-4ac0-bf53-fc290dc7fa85', '38814b76-e229-414e-b3f6-66b6794acf1c', 'WHITELISTED');
insert into public.sellers (id, producer_id, seller_info_id, state) values ('3350875a-9c51-494a-8733-46b1ead2198c', '9237e2d3-5942-446c-88f8-e55198f51395', '9bfabb97-1bef-4b0d-acd8-7a1683d8826a', 'REGULAR');
insert into public.sellers (id, producer_id, seller_info_id, state) values ('72d5d355-f16f-48b1-a73c-4f503ac504be', 'fdc7836e-3e06-4aad-b1bf-ec9808fbf234', '1c8e0618-75b8-498c-8632-ad8222e85b87', 'BLACKLISTED');
insert into public.sellers (id, producer_id, seller_info_id, state) values ('4bb1862e-4737-4416-a4a9-104a20536db3', '6bc074a8-27cb-4864-a074-7a851b429601', 'fec13057-78d1-449f-bacd-152b97b4762e', 'BLACKLISTED');
insert into public.sellers (id, producer_id, seller_info_id, state) values ('222ab185-7c5d-4797-8147-484da7d5ec96', 'f4e7f3ee-13f5-45f4-809b-3cbe895b4cb7', '1fa8daba-bd1c-45a8-8f1c-31b4b9e0deb9', 'GREYLISTED');
insert into public.sellers (id, producer_id, seller_info_id, state) values ('d34c3cb7-4dfd-47b8-b444-f3660de2fae1', '70fa3018-3e82-4884-93e1-bf6bd9e2c5a3', 'ff41deda-2b65-4b1c-a02f-9369f089ff53', 'BLACKLISTED');
insert into public.sellers (id, producer_id, seller_info_id, state) values ('fbf0ebc1-31cb-4b32-bdad-cf70f2d15589', 'dc16255a-5eac-4102-a054-efe17014954d', '430e6810-415e-4a89-bb7c-fa7bdfc9ec6a', 'REGULAR');
insert into public.sellers (id, producer_id, seller_info_id, state) values ('e34d5129-081a-4bcf-931f-4c9f14e36a39', 'd74a907f-21b0-4898-88e0-6796414e8e3c', 'fec13057-78d1-449f-bacd-152b97b4762e', 'REGULAR');
insert into public.sellers (id, producer_id, seller_info_id, state) values ('efcedee3-057c-441a-800f-a711687188a3', '256fe989-8c48-4aa4-92f6-f60c66fc9b2f', '5b178eb3-eb9b-4267-bcba-8b43b28343ae', 'BLACKLISTED');
insert into public.sellers (id, producer_id, seller_info_id, state) values ('0752d5af-0794-4f97-b0ed-e6dc4b214059', '7f24f420-c952-488d-b937-006c36a916fd', '5fe9bc14-d305-47bc-9caf-306ae701050d', 'GREYLISTED');
insert into public.sellers (id, producer_id, seller_info_id, state) values ('4cf7ee0b-eb94-456c-8f50-05c10619e0a8', '645399d7-d70a-4599-872e-b2a9b4d4925e', '9bfabb97-1bef-4b0d-acd8-7a1683d8826a', 'REGULAR');
insert into public.sellers (id, producer_id, seller_info_id, state) values ('3836f548-89bc-41a0-a312-fd83c585507f', '6a614b3a-cd85-49b7-b673-425bc8c2f99e', '7256b9da-840e-4f05-878f-af8dadb8a632', 'GREYLISTED');
insert into public.sellers (id, producer_id, seller_info_id, state) values ('b066a57c-b2a3-4d1b-a993-38e38d36cf09', 'e7195bfc-fde7-4e95-8e9c-2d1e63f51d66', 'c2e56770-8483-41db-99ec-410a50bdeea5', 'WHITELISTED');
insert into public.sellers (id, producer_id, seller_info_id, state) values ('18bc4aec-1f09-4c71-b45e-5b4d30391035', '986cf9a9-987a-4f97-9254-4c2a001a0fd1', '33eccc1b-fef6-47c6-a057-19b557d0c892', 'WHITELISTED');
insert into public.sellers (id, producer_id, seller_info_id, state) values ('d9ff8454-9e0c-4651-b671-58d97d048a25', 'a30c7f43-00a6-4009-a01c-3c0fe501b2da', 'b41fe4f4-9692-407e-aa5d-1fb2a4ee693a', 'BLACKLISTED');
insert into public.sellers (id, producer_id, seller_info_id, state) values ('88ac1234-6f51-4041-b30d-4340732e2961', '7fb8001d-e7cc-4fc2-b62a-e6ae653af262', '3b1a72f8-ed2e-485f-9543-ccf3009f6255', 'WHITELISTED');
insert into public.sellers (id, producer_id, seller_info_id, state) values ('d7c9a45f-9835-475e-af4b-041c279fe8bc', 'a01698b1-2769-4b2a-95c4-fd1c246905ef', '27775be4-5496-42bb-8d74-561fc3add247', 'BLACKLISTED');
insert into public.sellers (id, producer_id, seller_info_id, state) values ('58a57896-7e92-44bd-b45c-6960c208ea1a', 'b01b1509-28b1-4266-bdca-83ba30a1ea39', 'e11958fb-21cc-4778-b4d3-d722787bf6e9', 'REGULAR');
insert into public.sellers (id, producer_id, seller_info_id, state) values ('fe950576-bfdb-4d22-9e1d-0bca76d7b411', '887f6429-963c-479e-858c-1ada06bd224a', '1fa8daba-bd1c-45a8-8f1c-31b4b9e0deb9', 'BLACKLISTED');
insert into public.sellers (id, producer_id, seller_info_id, state) values ('6e7daf53-2170-4029-8349-17ab8d60bedb', '6bc074a8-27cb-4864-a074-7a851b429601', '268dc9d8-2ce9-46fb-9ad5-33dcf050118d', 'WHITELISTED');
insert into public.sellers (id, producer_id, seller_info_id, state) values ('4afcffe9-8e92-48a6-9eaa-99748bbdeb8e', '4db03d43-a05e-430c-b1a9-cf191c6d78a7', '65d44dd8-b3a0-418b-b71a-56891077fdbc', 'REGULAR');
insert into public.sellers (id, producer_id, seller_info_id, state) values ('4ca803a6-8d55-4482-8472-4e6069e87271', 'db735839-af19-4f58-b6ca-01c6737e99a2', '028e11af-c84c-4c2f-bb0d-37a8730fa14a', 'WHITELISTED');
insert into public.sellers (id, producer_id, seller_info_id, state) values ('f0b91d30-effb-4e59-abfb-fc67691b3774', '045f4b34-c98a-4f50-bf7b-00120e04f584', '622bda8a-5348-4650-812c-a615a25a7055', 'BLACKLISTED');
insert into public.sellers (id, producer_id, seller_info_id, state) values ('28222e70-15ca-4984-bfd2-998d41984de5', '29ea6cda-d5d7-47d7-bb99-310a426fc111', '9e4dd621-4d34-4db0-b03f-71525c544b5c', 'BLACKLISTED');
insert into public.sellers (id, producer_id, seller_info_id, state) values ('aed5bcf8-e70f-49b3-8186-e20cdc04a767', '671b3aea-5f17-4f09-a7bf-6fbece79e7ad', 'ae86e966-4702-487b-a7bb-ae9fa49bfd34', 'BLACKLISTED');
